ID,GradeSemester,DOB,admin_date,wrf_sum,qrf_sum,lw_ability,pv_ability
201001,2,8/1/2013,3/7/2019,16, ,90,98
201008,4,11/22/2011,3/7/2019,28, ,103,109
201010,6,10/2/2010,5/21/2019, ,19,115,117
201021,8,8/5/2010,4/10/2019, ,35,117,125
201024,14,7/9/2007,5/15/2019, ,46,116,126
201027,20,3/9/2004,4/10/2019, ,71,131,130
202002,26,4/22/2001,5/26/2019, ,79,144,128
202003,26,8/27/2001,5/26/2019, ,47,144,132
202004,26,12/14/2000,6/2/2019, ,68,140,145
203001,2,6/19/2012,6/22/2019,31, ,118,105
203002,4,1/11/2012,5/20/2019,26, ,97,102
203003,6,5/14/2011,6/3/2019, ,39,135,125
203004,6,5/4/2011,5/1/2019, ,39,117,110
203006,10,2/19/2009,6/22/2019, ,34,121,114
203007,10,10/4/2008,5/24/2019, ,51,135,125
203008,12,4/17/2008,6/6/2019, ,32,115,127
203009,12,8/18/2008,6/4/2019, ,56,130,123
203010,13,4/8/2008,6/25/2019, ,53,138,132
203012,12,3/8/2008,6/7/2019, ,49,149,146
203013,12,7/26/2008,6/3/2019, ,42,149,138
203015,15,10/19/2006,6/25/2019, ,37,133,130
203016,16,12/13/2005,5/31/2019, ,72,138,134
203017,20,12/19/2003,5/20/2019, ,57,129,140
203018,24,10/16/2001,6/14/2019, ,77,140,132
203028,13,2/28/2008,8/4/2019, ,37,108,123
204001,6,1/24/2011,5/11/2019, ,28,113,117
204005,14,2/7/2007,5/22/2019, ,58,129,130
204006,6,4/11/2011,6/20/2019, ,28,110,119
204013,12,11/2/2007,6/25/2019, ,54,130,125
204014,14,11/29/2006,6/25/2019, ,73,138,126
204017,18,7/5/2005,6/21/2019, ,53,125,140
205001,6,10/20/2010,4/8/2019, ,29,115,125
205004,2,7/10/2013,4/18/2019,20, ,92,105
205008,6,2/18/2011,5/18/2019, ,24,102,123
205009,4,9/27/2011,5/19/2019,29, ,101,112
205012,10,12/30/2008,5/15/2019, ,45,135,121
205013,2,8/28/2012,5/24/2019,19, ,90,102
205014,4,8/7/2011,5/20/2019,10, ,101,102
205016,16,2/24/2006,6/1/2019, ,66,131,140
205017,8,7/30/2010,5/27/2019, ,63,149,154
205020,16,6/28/2006,5/25/2019, ,44,133,134
205023,8,5/13/2010,6/5/2019, ,18,107,125
205027,13,1/21/2008,7/9/2019, ,25,106,123
205028,4,8/28/2012,6/5/2019,29, ,130,127
205029,2,8/29/2013,6/15/2019,38, ,112,109
205031,18,3/22/2005,6/17/2019, ,59,140,152
205032,23,11/27/2001,7/8/2019, ,72,144,134
205036,5,5/30/2012,7/9/2019, ,8,99,121
205037,22,6/24/2003,6/19/2019, ,56,147,123
205038,25,8/12/2002,7/10/2019, ,64,140,132
206001,2,1/24/2013,3/25/2019,16, ,103,105
206002,6,8/28/2011,3/25/2019, ,34,121,127
206004,14,6/11/2007,6/17/2019, ,83,127,145
206005,3,1/29/2012,6/17/2019,45, ,137,141
206007,17,2/15/2005,6/30/2019, ,62,131,132
206008,14,12/3/2006,6/3/2019, ,50,125,136
206009,13,6/19/2007,6/25/2019, ,54,121,125
206010,7,4/26/2010,6/25/2019, ,34,119,110
206011,6,6/21/2011,6/19/2019, ,35,130,117
207001,2,1/9/2013,5/23/2019,17, ,103,98
207002,2,8/12/2013,5/23/2019,21, ,103,98
207004,4,7/29/2012,5/30/2019,21, ,101,102
207006,4,2/17/2012,5/31/2019,34, ,137,116
207007,4,9/26/2012,5/31/2019,24, ,107,112
207009,8,7/29/2010,6/6/2019, ,23,119,114
207010,8,7/2/2010,6/6/2019, ,33,115,112
207011,10,3/24/2009,6/14/2019, ,48,117,119
207012,12,9/13/2007,6/19/2019, ,49,124,123
207013,12,11/1/2007,6/19/2019, ,29,119,114
207014,16,6/21/2006,6/20/2019, ,53,140,136
207015,15,3/5/2006,6/20/2019, ,55,135,134
207016,15,4/30/2006,7/9/2019, ,50,144,132
207017,15,3/22/2006,7/12/2019, ,41,118,115
207018,15,5/6/2006,7/12/2019, ,59,144,136
207019,15,8/30/2006,7/12/2019, ,55,147,149
207020,15,10/9/2006,7/12/2019, ,63,140,140
207021,17,5/16/2005,7/13/2019, ,62,133,140
207022,1,2/20/2013,7/12/2019,37, ,112,82
207023,1,7/12/2014,8/14/2019,25, ,109,109
207024,1,5/29/2014,8/13/2019,31, ,112,105
207025,1,4/15/2014,8/26/2019,11, ,92,102
207026,3,3/5/2013,8/26/2019,36, ,115,98
207027,1,4/26/2014,8/26/2019,15, ,112,105
207028,3,1/18/2013,8/27/2019,2, ,83,95
207029,1,7/5/2014,8/29/2019,11, ,103,98
207030,1,8/18/2014,8/28/2019,2, ,86,102
207031,3,5/6/2013,8/27/2019,25, ,112,109
207032,3,2/21/2013,8/26/2019,29, ,112,112
208001,2,7/3/2012,3/29/2019,22, ,115,127
208011,4,6/1/2013,4/18/2019,14, ,137,149
208013,6,11/5/2011,4/28/2019, ,15,113,132
208015,20,11/6/2003,6/7/2019, ,44,129,123
208019,8,11/3/2008,5/9/2019, ,59,117,130
208023,10,1/9/2010,6/18/2019, ,16,112,123
208024,12,10/13/2008,6/18/2019, ,21,142,123
209015,20,2/18/2005,6/16/2019, ,41,118,126
209019,1,10/15/2013,11/25/2019,17, ,78,109
210001,4,3/1/2012,5/30/2019,40, ,130,116
210009,6,3/2/2011,6/14/2019, ,25,130,127
210010,18,10/12/2004,6/18/2019, ,41,140,140
210011,20,9/29/2003,6/15/2019, ,64,133,136
210012,24,11/12/2001,6/15/2019, ,59,138,140
210016,2,9/5/2012,6/24/2019,29, ,103,112
210018,4,8/28/2012,6/26/2019,31, ,107,105
210019,11,5/25/2009,7/5/2019, ,36,135,117
210025,9,7/7/2010,7/25/2019, ,49,135,123
210030,25,9/14/2001,7/28/2019, ,65,131,136
210031,21,4/1/2004,8/1/2019, ,47,121,132
210032,17,5/22/2006,8/1/2019, ,46,121,132
210034,23,10/3/2002,8/4/2019, ,47,135,115
210035,15,10/17/2006,8/4/2019, ,55,123,123
210036,13,9/25/2007,8/10/2019, ,50,129,117
210037,5,6/29/2012,8/10/2019, ,22,108,110
210039,1,7/18/2014,8/18/2019,5, ,92,95
210040,17,6/1/2006,8/18/2019, ,71,125,119
210041,21,11/12/2003,8/18/2019, ,78,144,140
210042,23,11/10/2002,8/18/2019, ,59,125,125
210043,5,3/1/2012,8/26/2019, ,27,110,114
210044,1,12/3/2013,8/26/2019,10, ,92,112
210046,9,7/10/2010,8/29/2019, ,29,112,121
210047,21,8/15/2004,8/29/2019, ,37,127,126
210048,23,8/20/2002,8/29/2019, ,41,118,136
211002,10,8/19/2008,4/22/2019, ,51,135,146
211006,20,4/11/2005,6/7/2019, ,72,127,123
211007,8,7/17/2011,6/7/2019, ,33,121,121
211008,2,10/16/2012,6/10/2019,27, ,112,112
211009,22,4/2/2003,6/11/2019, ,47,127,138
211010,12,11/17/2007,6/9/2019, ,35,127,146
211014,12,4/19/2008,6/15/2019, ,40,135,138
211016,8,4/6/2010,6/17/2019, ,43,127,121
211017,20,12/30/2003,6/18/2019, ,55,125,130
211018,22,12/19/2002,6/18/2019, ,49,114,126
211020,20,11/5/2003,6/19/2019, ,59,131,134
211021,26,4/16/2001,6/19/2019, ,52,131,145
211024,16,11/16/2005,6/20/2019, ,51,125,123
211027,17,12/21/2004,6/24/2019, ,41,131,138
211028,9,8/5/2008,6/24/2019, ,56,121,125
211029,19,3/19/2004,6/25/2019, ,47,121,125
211030,23,6/17/2002,6/25/2019, ,68,123,138
211032,23,12/16/2002,7/1/2019, ,75,152,136
211033,11,12/26/2008,7/1/2019, ,39,135,123
211034,9,8/6/2010,7/1/2019, ,32,112,119
211035,13,3/31/2008,7/2/2019, ,24,99,121
211036,17,4/19/2006,7/2/2019, ,34,116,130
211038,23,6/16/2003,7/2/2019, ,52,133,130
211039,17,4/19/2006,7/2/2019, ,54,125,128
211041,19,9/27/2004,7/15/2019, ,35,131,132
211042,19,11/12/2004,7/22/2019, ,64,133,134
211043,3,8/10/2013,7/22/2019,9, ,92,119
211044,21,12/8/2003,7/22/2019, ,55,121,136
211049,23,6/12/2003,7/25/2019, ,51,131,132
211050,23,8/14/2002,7/26/2019, ,47,123,126
211051,9,4/29/2010,7/25/2019, ,30,115,117
211052,17,10/2/2005,7/25/2019, ,43,104,130
211056,3,7/30/2012,7/30/2019,26, ,109,119
211057,5,1/24/2012,7/31/2019, ,17,112,119
211062,15,10/8/2006,8/1/2019, ,46,118,128
211063,17,1/6/2006,8/1/2019, ,48,129,136
211064,21,9/26/2003,8/1/2019, ,60,131,130
211065,25,1/30/2002,8/2/2019, ,56,135,119
211066,21,4/7/2004,8/2/2019, ,45,129,132
211067,15,7/13/2006,8/2/2019, ,34,118,140
211068,21,5/17/2003,8/3/2019, ,46,131,123
211069,21,12/9/2003,8/3/2019, ,72,147,138
211071,21,8/25/2003,8/3/2019, ,43,131,134
211072,3,10/9/2012,8/3/2019,6, ,83,105
211073,3,10/21/2012,8/6/2019,34, ,118,116
211074,11,7/5/2009,8/6/2019, ,39,115,121
211075,13,7/5/2008,8/19/2019, ,38,127,130
212001,4,3/9/2012,6/21/2019,16, ,83,98
212003,10,6/25/2009,5/1/2019, ,38,127,125
212004,8,7/7/2009,6/17/2019, ,24,127,123
212005,12,5/8/2008,6/28/2019, ,32,127,127
212006,14,5/28/2007,5/9/2019, ,51,119,125
212007,16,12/22/2005,4/25/2019, ,38,125,126
212008,18,1/1/2005,5/23/2019, ,40,140,138
212009,18,6/12/2005,5/23/2019, ,36,135,132
212010,18,8/16/2005,6/18/2019, ,29,133,134
212011,20,11/15/2003,5/16/2019, ,41,140,132
212012,20,4/2/2003,5/17/2019, ,38,135,132
212013,20,6/11/2004,6/30/2019, ,52,140,130
212014,20,8/17/2003,6/30/2019, ,51,152,143
212015,22,3/2/2003,5/14/2019, ,64,160,149
212016,22,5/3/2004,6/20/2019, ,55,144,136
212017,23,8/18/2003,7/3/2019, ,71,168,165
212018,23,6/10/2003,7/8/2019, ,43,135,136
212019,23,12/25/2003,7/8/2019, ,47,152,140
212020,24,8/31/2002,5/10/2019, ,54,144,149
212021,24,2/2/2001,5/10/2019, ,40,135,138
212022,24,1/16/2002,5/10/2019, ,28,118,115
212023,24,5/20/2002,5/22/2019, ,35,140,136
212024,24,11/24/2001,6/6/2019, ,59,152,152
212025,26,3/9/2001,5/9/2019, ,54,152,138
212026,26,10/29/2000,5/15/2019, ,72,168,165
212027,26,1/31/2001,5/30/2019, ,70,152,145
212028,26,5/5/2001,6/6/2019, ,45,160,140
212029,26,2/3/2001,6/13/2019, ,56,131,130
213002,24,8/17/2002,6/2/2019, ,41,133,149
213003,1,4/15/2013,7/8/2019,9, ,92,105
213005,7,4/27/2010,7/8/2019, ,36,115,119
213008,7,7/20/2010,6/24/2019, ,35,130,127
213009,1,3/13/2014,7/5/2019,12, ,83,102
213010,3,4/1/2013,7/6/2019,15, ,95,112
213013,5,2/28/2012,7/20/2019, ,11,107,121
213016,3,9/18/2012,8/22/2019,20, ,92,112
213017,15,2/20/2007,8/25/2019, ,65,125,132
213018,19,12/20/2004,9/18/2019, ,64,135,134
213019,3,8/24/2013,9/22/2019,20, ,97,105
214001,6,12/28/2010,4/17/2019, ,36,130,125
214002,4,6/28/2012,4/17/2019,43, ,109,119
214003,4,2/15/2012,4/17/2019,35, ,112,119
214004,6,2/13/2011,4/17/2019, ,32,112,125
214005,6,4/4/2011,4/17/2019, ,34,107,114
214006,6,3/8/2011,3/14/2019, ,35,127,125
214009,10,3/17/2009,4/12/2019, ,31,135,123
214012,14,7/10/2007,5/17/2019, ,46,131,128
214013,16,5/5/2006,5/18/2019, ,71,131,125
214014,12,8/19/2008,5/18/2019, ,45,124,125
214015,10,1/15/2009,5/18/2019, ,64,130,121
214016,4,1/2/2012,5/21/2019,33, ,109,112
214017,20,7/18/2005,5/22/2019, ,78,133,138
214018,24,11/29/2001,5/22/2019, ,60,129,121
214021,8,2/7/2010,5/27/2019, ,54,135,146
214024,14,12/11/2006,5/27/2019, ,61,119,117
214025,2,9/26/2012,5/28/2019,32, ,118,127
214027,6,1/25/2011,5/29/2019, ,30,130,130
214028,18,5/3/2005,5/31/2019, ,61,129,138
214029,14,4/25/2007,5/31/2019, ,61,125,123
214031,8,6/30/2010,5/30/2019, ,30,135,127
214032,8,10/20/2009,5/30/2019, ,43,130,121
214033,2,7/20/2012,5/30/2019,19, ,95,116
214034,20,10/19/2003,5/31/2019, ,71,140,138
214035,20,2/21/2003,5/31/2019, ,47,125,126
214039,6,10/29/2010,6/7/2019, ,30,121,121
214040,10,3/23/2009,6/7/2019, ,40,149,130
214044,14,2/2/2007,6/8/2019, ,47,135,134
214046,6,11/2/2010,6/14/2019, ,34,127,127
214052,11,8/11/2009,9/29/2019, ,48,124,127
214054,3,7/25/2013,10/5/2019,19, ,97,119
214055,3,7/25/2013,10/5/2019,25, ,103,105
214056,7,8/24/2011,10/4/2019, ,19,127,119
214057,1,9/15/2013,10/4/2019,10, ,78,102
214058,9,5/4/2010,10/11/2019, ,34,119,127
214059,3,11/2/2012,10/13/2019,37, ,123,123
214060,15,7/20/2007,10/13/2019, ,69,138,132
214062,1,9/20/2013,10/14/2019,14, ,90,116
214064,1,7/7/2014,10/20/2019,11, ,94,105
214065,3,6/3/2013,10/25/2019,11, ,90,95
214066,1,1/17/2014,10/25/2019,8, ,75,109
214068,17,5/4/2006,11/9/2019, ,56,133,145
214069,9,6/14/2010,11/10/2019, ,38,124,121
214071,1,8/12/2013,11/16/2019,13, ,94,109
214072,11,2/2/2009,11/16/2019, ,50,135,132
214073,3,1/31/2013,11/14/2019,13, ,78,105
214074,11,11/5/2008,11/14/2019, ,29,119,127
215002,2,6/10/2013,3/26/2019,22, ,95,123
216005,24,2/13/2002,5/19/2019, ,92,135,138
217001,2,12/25/2012,4/1/2019,21, ,88,80
217003,4,2/26/2012,5/2/2019,14, ,99,102
217005,4,8/25/2012,4/25/2019,30, ,81,91
217006,4,4/28/2011,5/1/2019,26, ,94,88
217007,4,12/17/2011,5/2/2019,28, ,99,105
217008,6,9/19/2011,4/29/2019, ,78,113,114
217011,6,1/17/2011,4/24/2019, ,26,105,110
217012,6,12/13/2010,4/25/2019, ,20,93,102
217013,6,3/31/2011,5/2/2019, ,18,105,110
217015,8,8/16/2010,6/27/2019, ,43,119,110
217016,8,7/21/2010,6/21/2019, ,32,127,123
217017,8,4/18/2010,5/19/2019, ,43,127,121
217019,12,4/6/2007,6/18/2019, ,39,130,125
217020,12,9/15/2008,5/28/2019, ,22,121,121
217021,16,4/20/2006,6/18/2019, ,39,129,143
217022,18,5/24/2005,6/21/2019, ,74,135,149
218001,2,5/22/2013,3/16/2019,17, ,94,102
218003,8,10/7/2009,4/28/2019, ,33,105,130
218004,10,6/20/2009,5/26/2019, ,34,117,117
218005,10,6/5/2009,5/11/2019, ,55,127,125
218006,12,9/22/2007,6/15/2019, ,54,130,135
218007,16,5/14/2006,4/27/2019, ,71,140,128
218009,22,6/8/2002,5/4/2019, ,81,133,134
218010,22,11/29/2002,4/28/2019, ,59,127,138
218011,24,1/11/2002,6/1/2019, ,79,133,140
218012,24,7/1/2002,6/15/2019, ,67,144,138
218013,24,11/19/2001,6/9/2019, ,58,135,126
218014,26,8/29/2000,5/4/2019, ,61,127,143
219006,7,11/26/2010,7/15/2019, ,26,108,114
219007,14,4/27/2007,6/24/2019, ,38,121,132
219008,13,4/21/2008,7/12/2019, ,48,129,125
220003,2,7/7/2013,4/9/2019,13, ,94,98
220004,2,11/19/2012,4/4/2019,16, ,101,102
220007,4,8/28/2012,3/28/2019,19, ,95,102
220008,4,10/26/2011,3/15/2019,23, ,95,109
220010,4,9/15/2012,3/14/2019,11, ,97,105
220011,6,6/21/2011,3/27/2019, ,26,117,123
220015,6,7/8/2011,3/27/2019, ,38,121,123
220016,8,9/22/2009,4/19/2019, ,31,130,125
220017,8,6/25/2010,4/11/2019, ,30,121,123
220018,8,2/4/2010,4/16/2019, ,26,104,105
220019,8,3/4/2010,4/15/2019, ,19,119,123
220020,8,3/19/2010,4/18/2019, ,15,110,119
220021,8,3/14/2010,4/17/2019, ,20,115,119
221001,24,9/13/2002,4/23/2019, ,48,129,132
221002,20,11/27/2003,4/23/2019, ,34,131,134
221003,22,2/18/2003,5/13/2019, ,51,129,130
221004,22,11/5/2003,5/14/2019, ,50,129,128
221005,22,9/26/2003,5/15/2019, ,30,125,143
221006,26,1/30/2001,5/16/2019, ,93,129,130
221007,22,8/7/2003,5/21/2019, ,40,119,126
221008,22,10/15/2002,5/22/2019, ,30,116,134
221009,22,12/28/2002,5/24/2019, ,91,121,115
221011,24,3/3/2002,5/30/2019, ,41,135,134
221012,20,11/18/2003,6/3/2019, ,53,138,128
221013,20,5/10/2003,6/13/2019, ,42,129,126
221014,20,8/26/2003,6/4/2019, ,40,125,128
221015,26,9/15/2001,6/6/2019, ,38,138,138
221016,20,6/13/2003,6/6/2019, ,32,121,138
221017,22,4/26/2003,6/7/2019, ,35,119,119
221018,22,12/5/2002,6/10/2019, ,36,119,128
221019,26,4/22/2001,6/11/2019, ,54,135,130
222023,6,1/20/2011,5/24/2019, ,51,117,123
222026,22,2/18/2003,6/9/2019, ,61,131,136
222028,10,9/5/2008,6/13/2019, ,46,124,130
222029,6,1/30/2011,6/13/2019, ,28,149,132
223002,9,7/18/2009,5/30/2019, ,30,113,110
223003,6,12/27/2010,3/14/2019, ,48,115,117
223005,10,7/8/2009,5/5/2019, ,40,117,127
223006,8,10/27/2009,6/2/2019, ,28,110,117
223007,10,12/31/2008,4/19/2019, ,43,135,125
223008,10,4/9/2009,5/22/2019, ,21,104,127
223009,12,5/21/2007,4/29/2019, ,29,108,130
223010,13,3/27/2007,6/25/2019, ,54,123,126
223011,14,12/22/2006,5/22/2019, ,45,131,130
223012,10,9/27/2008,6/3/2019, ,29,110,135
223013,12,8/19/2008,4/25/2019, ,47,135,141
223015,14,5/25/2007,4/22/2019, ,49,135,128
223016,12,9/2/2007,6/2/2019, ,33,117,123
223017,18,7/18/2005,7/25/2019, ,51,123,128
223018,18,11/6/2004,4/16/2019, ,36,121,117
223019,20,4/8/2004,6/25/2019, ,57,129,132
223020,18,6/21/2004,6/3/2019, ,32,112,125
223021,18,9/8/2004,5/5/2019, ,52,125,138
223022,6,11/1/2010,6/13/2019, ,8,91,110
223024,20,11/25/2003,4/21/2019, ,42,129,121
223027,24,4/8/2002,4/21/2019, ,78,131,132
223028,15,7/7/2006,6/25/2019, ,54,121,123
223029,7,12/3/2010,7/9/2019, ,37,113,114
223031,24,7/3/2002,4/25/2019, ,45,129,143
223032,26,12/7/2000,4/24/2019, ,51,123,119
223033,9,10/31/2009,7/9/2019, ,41,117,119
223034,19,6/12/2005,7/29/2019, ,36,123,119
223036,13,6/3/2008,8/17/2019, ,36,114,126
223037,7,1/27/2011,8/17/2019, ,28,110,117
223042,21,2/22/2004,8/17/2019, ,52,125,119
223047,19,6/15/2005,7/30/2019, ,41,138,125
223048,13,11/7/2007,7/30/2019, ,38,114,121
223049,11,7/22/2009,7/31/2019, ,29,135,132
223051,7,9/27/2010,8/4/2019, ,28,112,110
223052,25,11/26/2001,8/11/2019, ,33,133,123
223053,21,3/7/2004,8/11/2019, ,50,140,128
223054,17,2/8/2006,8/19/2019, ,46,118,134
223055,15,5/23/2007,8/9/2019, ,51,123,130
223056,11,10/8/2008,8/10/2019, ,48,121,117
223058,13,12/18/2007,8/14/2019, ,38,104,117
223061,25,2/1/2001,7/30/2019, ,46,123,119
223062,19,3/2/2005,7/30/2019, ,51,127,126
223063,15,9/5/2006,7/30/2019, ,56,118,134
223064,23,11/13/2002,8/1/2019, ,58,135,121
223065,21,4/28/2004,8/2/2019, ,40,110,119
223066,13,6/4/2008,8/1/2019, ,33,114,121
223067,9,9/17/2009,8/2/2019, ,26,110,119
223068,19,2/1/2005,8/5/2019, ,47,125,128
223069,13,11/9/2007,8/5/2019, ,26,114,111
223070,13,10/4/2007,8/7/2019, ,32,121,125
223071,7,4/27/2011,8/7/2019, ,8,107,114
223072,7,7/27/2011,8/6/2019, ,8,93,110
223073,11,8/12/2009,8/29/2019, ,30,112,117
223074,7,7/21/2011,8/29/2019, ,29,108,112
223075,17,5/27/2006,8/30/2019, ,36,121,119
225001,2,9/5/2013,3/24/2019,13, ,94,109
225002,2,8/1/2013,3/24/2019,19, ,83,102
225003,2,6/13/2013,3/26/2019,19, ,92,109
225004,2,4/9/2013,3/26/2019,20, ,90,112
225005,8,8/10/2010,4/13/2019, ,38,119,114
225006,10,8/29/2009,5/4/2019, ,32,127,127
225008,4,3/3/2012,5/5/2019,18, ,109,123
225009,10,3/8/2009,5/5/2019, ,36,112,123
225010,16,2/7/2006,5/5/2019, ,52,131,130
226001,2,6/13/2013,3/14/2019,14, ,99,112
226002,2,7/6/2013,3/18/2019,16, ,95,98
226003,2,8/26/2012,4/12/2019,15, ,83,116
226004,2,8/8/2013,4/12/2019,12, ,94,112
226005,2,3/12/2013,4/12/2019,14, ,90,116
226006,2,6/30/2013,3/18/2019,18, ,92,109
226007,2,2/11/2013,3/14/2019,15, ,94,105
226008,4,9/7/2011,3/18/2019,17, ,109,102
226010,2,7/2/2013,3/22/2019,18, ,95,102
226011,2,1/25/2013,4/18/2019,4, ,88,91
226012,8,1/11/2010,5/13/2019, ,41,115,123
226013,8,4/27/2010,4/23/2019, ,38,135,119
226014,8,8/13/2009,5/13/2019, ,32,121,114
226015,8,5/13/2010,5/13/2019, ,38,117,119
226017,8,12/7/2009,5/13/2019, ,37,113,117
226020,18,2/14/2005,4/25/2019, ,47,125,132
226021,18,2/26/2005,4/19/2019, ,62,131,126
226022,18,7/11/2005,4/25/2019, ,58,127,130
226023,14,2/21/2007,5/14/2019, ,44,127,128
226024,14,7/27/2006,5/14/2019, ,27,114,126
226025,18,8/10/2005,5/14/2019, ,39,125,136
226026,10,10/20/2008,5/20/2019, ,30,142,127
226027,10,6/16/2009,4/23/2019, ,36,124,119
226028,10,7/27/2009,4/25/2019, ,31,119,127
226029,10,4/15/2009,4/15/2019, ,45,142,127
226030,10,8/17/2008,5/7/2019, ,50,124,138
226031,10,4/1/2009,5/8/2019, ,29,115,130
226032,8,5/1/2010,6/18/2019, ,50,135,125
226033,12,8/8/2008,5/8/2019, ,41,127,135
226034,12,7/17/2008,5/15/2019, ,34,127,130
226036,12,8/19/2008,5/21/2019, ,50,127,135
226037,10,11/23/2008,5/2/2019, ,45,127,121
226038,12,5/20/2007,5/8/2019, ,43,127,125
226039,10,6/28/2009,5/28/2019, ,34,121,123
226040,10,1/14/2009,5/28/2019, ,47,149,146
226041,8,4/11/2009,5/28/2019, ,53,142,125
226042,10,3/24/2010,5/28/2019, ,41,135,127
226043,8,5/9/2010,5/28/2019, ,45,117,121
226044,10,9/29/2008,5/28/2019, ,52,149,146
226045,6,1/13/2011,5/28/2019, ,33,113,123
226046,10,8/29/2008,5/28/2019, ,39,119,127
226047,8,5/3/2010,5/28/2019, ,38,107,125
226048,14,1/4/2007,6/5/2019, ,42,125,128
226049,14,1/4/2007,6/5/2019, ,52,125,125
226050,20,10/21/2003,6/5/2019, ,66,152,145
226051,20,3/4/2004,6/5/2019, ,70,135,149
226053,1,7/17/2014,7/18/2019,2, ,81,98
226054,1,1/17/2014,7/12/2019,10, ,90,105
226055,5,6/8/2011,7/20/2019, ,8,105,125
226056,3,6/23/2013,7/17/2019,33, ,137,127
226057,1,5/28/2014,7/29/2019,13, ,97,105
226058,1,3/24/2014,7/31/2019,8, ,94,109
226059,5,11/1/2011,7/31/2019, ,32,127,138
226060,1,10/17/2013,8/1/2019,5, ,90,109
227004,9,4/24/2009,4/30/2019, ,4,100,127
227005,11,6/24/2008,4/28/2019, ,44,121,127
227006,8,12/8/2009,5/30/2019, ,36,127,127
227007,14,3/27/2007,6/27/2019, ,56,127,128
227008,11,2/5/2008,6/30/2019, ,45,135,135
227010,12,6/27/2007,4/13/2019, ,50,135,135
227011,12,9/11/2008,6/10/2019, ,43,135,141
227016,21,4/19/2003,6/27/2019, ,41,133,130
227017,26,9/21/2001,6/14/2019, ,61,133,140
227020,16,1/17/2006,6/22/2019, ,33,114,136
227021,15,12/28/2005,6/27/2019, ,86,138,132
227026,18,10/19/2004,6/27/2019, ,56,121,134
228004,26,9/8/2001,6/4/2019, ,55,144,149
228006,26,10/6/2000,6/8/2019, ,67,138,134
228007,14,2/20/2007,6/8/2019, ,40,116,126
228009,25,5/9/2001,6/28/2019, ,47,144,145
228010,25,8/14/2000,6/28/2019, ,43,129,136
231014,4,5/22/2012,4/17/2019,24, ,83,95
231038,16,2/17/2006,4/24/2019, ,41,121,128
231039,16,11/28/2005,5/11/2019, ,54,118,126
231043,20,10/3/2004,5/16/2019, ,33,125,121
231045,22,11/18/2002,5/16/2019, ,42,116,113
231046,22,2/2/2003,5/17/2019, ,51,106,113
231047,24,5/7/2002,5/17/2019, ,56,104,128
231050,26,3/24/2001,5/20/2019, ,34,119,128
232001,14,5/9/2007,5/10/2019, ,36,123,117
232002,12,7/15/2008,5/14/2019, ,26,127,123
232003,2,10/4/2012,5/28/2019,14, ,88,98
232004,6,1/12/2011,6/3/2019, ,33,112,130
232005,2,6/5/2013,5/11/2019,5, ,92,95
232006,2,3/1/2013,6/17/2019,7, ,95,109
232008,12,11/14/2008,6/17/2019, ,48,127,121
232009,12,8/17/2008,5/30/2019, ,38,119,121
232010,26,6/21/2001,6/6/2019, ,51,133,145
232011,26,7/6/2001,4/22/2019, ,75,133,149
232013,24,6/25/2002,5/27/2019, ,65,140,138
232014,16,7/12/2006,5/22/2019, ,39,123,126
232017,13,6/16/2008,7/5/2019, ,44,123,134
232018,26,9/7/2001,5/9/2019, ,53,152,140
232022,14,5/17/2007,6/17/2019, ,40,123,125
232023,8,11/10/2009,6/15/2019, ,29,107,121
232024,14,10/24/2006,6/15/2019, ,48,127,134
232025,2,7/9/2013,5/19/2019,15, ,99,95
232026,4,12/22/2011,5/19/2019,24, ,118,112
232027,8,1/12/2010,5/19/2019, ,39,127,130
232028,9,4/5/2010,7/5/2019, ,33,121,121
232029,10,12/12/2008,6/18/2019, ,38,127,121
232030,4,9/7/2011,6/18/2019,32, ,123,141
232032,26,3/1/2001,5/14/2019, ,56,144,143
232050,26,7/15/2001,6/28/2019, ,72,138,138
232051,15,6/5/2007,9/22/2019, ,47,147,145
232052,11,5/17/2009,9/22/2019, ,46,119,132
232053,13,7/3/2008,9/25/2019, ,35,106,125
232054,3,4/12/2013,9/15/2019,14, ,92,109
232055,1,5/14/2014,9/8/2019,8, ,94,95
232056,3,5/14/2013,10/15/2019,12, ,88,112
232058,25,10/4/2002,11/2/2019, ,65,125,136
232059,21,5/14/2004,9/20/2019, ,63,127,128
232060,25,12/22/2001,10/11/2019, ,68,147,140
232063,19,12/28/2004,9/6/2019, ,63,129,134
232064,17,3/11/2006,9/8/2019, ,58,127,128
232065,5,1/13/2012,9/14/2019, ,31,119,121
232066,21,12/22/2003,9/13/2019, ,50,129,121
232067,19,8/15/2005,9/15/2019, ,43,116,125
232069,15,1/1/2007,9/18/2019, ,41,114,119
232071,25,10/6/2001,9/7/2019, ,55,147,138
232072,21,12/19/2003,9/7/2019, ,70,138,143
232073,21,2/10/2004,9/19/2019, ,72,135,145
232074,17,6/30/2006,9/23/2019, ,63,140,145
232075,9,7/23/2010,9/26/2019, ,33,121,121
234001,6,6/4/2011,4/23/2019, ,22,110,117
234004,6,8/29/2011,4/22/2019, ,30,115,123
234007,6,12/8/2011,4/22/2019, ,34,119,117
234010,6,4/21/2011,4/22/2019, ,23,104,107
234011,6,5/29/2011,4/22/2019, ,42,130,121
234012,6,3/15/2011,4/22/2019, ,29,113,123
234017,8,6/4/2010,5/3/2019, ,36,142,132
234018,8,11/8/2010,5/3/2019, ,30,119,114
234019,8,5/21/2010,4/29/2019, ,28,127,110
234020,8,4/29/2010,4/23/2019, ,27,124,112
234021,8,11/8/2010,4/27/2019, ,38,113,121
234023,4,5/29/2012,4/24/2019,29, ,123,123
234024,4,4/13/2012,4/23/2019,17, ,88,98
234025,4,4/17/2012,4/23/2019,27, ,112,119
234026,4,2/14/2012,4/24/2019,32, ,115,119
234028,4,6/11/2012,4/24/2019,31, ,99,109
234029,4,11/11/2012,4/24/2019,28, ,105,112
234030,4,7/11/2012,4/26/2019,26, ,103,105
234031,4,4/13/2012,4/26/2019,18, ,90,98
234032,2,2/4/2013,5/1/2019,12, ,95,102
234033,2,1/19/2013,5/1/2019,5, ,92,91
234034,2,11/15/2013,5/1/2019,5, ,92,105
234035,2,4/14/2013,5/1/2019,11, ,83,88
234037,10,8/29/2009,5/28/2019,9, ,149,130
234038,10,11/6/2009,4/26/2019, ,40,135,138
234039,10,5/19/2009,5/30/2019, ,22,107,102
234040,10,3/25/2009,5/31/2019, ,37,130,125
234041,12,3/25/2008,5/1/2019, ,41,149,130
234042,12,11/25/2008,5/21/2019, ,47,124,138
234043,14,12/16/2007,5/30/2019, ,45,125,117
234044,14,11/13/2007,5/24/2019, ,61,127,130
234045,6,5/21/2011,4/26/2019, ,35,130,125
234046,6,8/12/2011,4/26/2019, ,29,121,107
234047,16,10/29/2006,5/15/2019, ,51,119,125
234048,8,4/29/2010,5/15/2019, ,53,127,119
234049,8,7/20/2010,5/17/2019, ,30,115,112
234050,12,10/26/2008,5/17/2019, ,43,142,146
234051,14,12/6/2007,6/3/2019, ,50,114,125
235003,2,8/3/2012,4/18/2019,24, ,97,102
235004,2,8/3/2012,4/18/2019,18, ,99,112
235005,6,12/17/2010,4/14/2019, ,23,119,125
235009,18,9/19/2005,4/13/2019, ,39,129,134
235010,12,1/24/2008,4/13/2019, ,24,119,121
235022,20,6/18/2003,4/20/2019, ,27,123,125
236001,4,5/25/2012,4/19/2019,28, ,115,109
236003,4,6/19/2012,5/26/2019,38, ,118,123
236005,4,11/15/2011,6/24/2019,29, ,109,112
236006,6,1/18/2011,6/18/2019, ,24,112,114
236007,6,10/27/2010,6/15/2019, ,56,142,127
236008,8,7/19/2010,6/21/2019, ,42,142,125
236010,8,7/27/2010,6/14/2019, ,31,117,114
236011,10,9/6/2008,4/27/2019, ,47,117,119
236012,10,11/13/2008,4/22/2019, ,44,130,125
236013,10,4/3/2009,5/26/2019, ,52,142,135
236016,12,12/10/2007,4/25/2019, ,54,130,141
236019,14,9/25/2007,6/24/2019, ,47,129,132
236022,16,4/27/2006,4/22/2019, ,40,114,126
236023,18,4/30/2005,4/25/2019, ,68,133,149
236026,20,11/25/2003,6/9/2019, ,60,133,143
236027,20,8/20/2004,6/18/2019, ,52,121,132
236029,16,5/25/2006,5/26/2019, ,74,131,138
236031,26,7/12/2001,6/9/2019, ,63,168,140
236041,10,7/28/2009,5/26/2019, ,44,135,135
236043,20,4/17/2004,6/14/2019, ,61,133,136
236044,6,2/22/2011,6/11/2019, ,32,115,107
236045,4,12/15/2011,6/21/2019,37, ,130,149
236047,4,6/27/2012,6/11/2019,21, ,92,98
236048,4,8/8/2012,6/15/2019,32, ,112,105
238002,4,5/4/2012,6/2/2019,40, ,123,116
239001,26,10/30/2000,5/8/2019, ,67,147,138
239005,24,11/29/2001,5/10/2019, ,82,140,157
239007,20,4/15/2004,5/12/2019, ,80,131,140
239011,24,10/8/2000,5/14/2019, ,47,129,136
239012,24,12/28/2001,5/14/2019, ,67,140,145
239013,24,12/28/2001,5/14/2019, ,87,168,143
239016,16,11/16/2005,5/16/2019, ,51,138,132
239017,26,12/28/2000,5/17/2019, ,87,160,149
239019,10,7/8/2009,5/20/2019, ,52,130,132
239020,22,11/7/2002,5/20/2019, ,65,129,125
239021,4,3/15/2012,5/22/2019,29, ,99,105
239022,6,4/11/2011,5/25/2019, ,21,102,107
240002,2,4/2/2013,4/28/2019,27, ,97,109
240003,2,3/29/2013,5/10/2019,20, ,95,123
240004,12,4/14/2008,5/10/2019, ,52,127,127
240005,16,8/22/2006,5/10/2019, ,45,133,136
240006,8,3/5/2010,5/31/2019, ,33,135,123
240007,8,6/11/2009,6/14/2019, ,38,113,119
240008,4,7/25/2012,5/31/2019,26, ,112,119
240009,6,12/22/2010,5/11/2019, ,35,112,110
240011,6,1/5/2011,5/9/2019, ,21,113,110
240013,18,7/27/2004,5/5/2019, ,56,125,126
240014,10,6/15/2008,5/18/2019, ,35,121,121
240015,14,9/30/2006,6/7/2019, ,62,129,134
240016,26,3/14/2001,6/7/2019, ,55,131,136
240020,1,10/31/2013,12/6/2019,12, ,75,109
240021,1,3/14/2014,12/6/2019,16, ,95,95
240022,1,1/11/2013,12/6/2019,10, ,81,102
240023,1,6/22/2014,12/6/2019,16, ,94,98
240025,3,10/11/2012,12/6/2019,12, ,103,112
240026,6,8/4/2011,1/3/2020,6, ,112,112
240027,6,11/27/2010,1/3/2020, ,34,108,110
240028,5,4/26/2012,12/13/2019, ,32,127,112
240029,6,11/5/2011,1/10/2020, ,46,127,117
240030,5,10/4/2011,12/13/2019, ,29,112,117
240031,6,12/7/2011,1/24/2020, ,34,124,114
240032,6,4/4/2012,1/24/2020, ,39,124,117
240034,6,4/28/2012,1/3/2020, ,29,105,114
240035,6,8/19/2011,1/3/2020, ,26,89,114
240036,1,3/4/2014,12/6/2019,10, ,83,91
240037,3,3/29/2012,12/6/2019,19, ,107,119
240038,1,8/29/2013,12/12/2019,10, ,88,109
240039,4,12/12/2012,1/17/2020,17, ,101,109
240040,4,2/2/2013,1/17/2020,37, ,103,109
241003,8,7/6/2010,4/16/2019, ,20,104,114
241007,2,6/14/2013,4/26/2019,16, ,86,112
241008,8,1/28/2010,4/27/2019, ,30,112,112
241009,10,5/10/2008,4/23/2019, ,40,119,114
241012,10,1/9/2009,5/3/2019, ,38,124,112
241014,10,8/25/2009,5/9/2019, ,45,130,117
241015,16,5/9/2006,5/12/2019, ,53,125,143
241016,8,11/17/2010,5/13/2019, ,28,119,121
241017,10,2/13/2009,5/14/2019, ,43,130,130
241018,2,7/18/2013,5/16/2019,6, ,92,102
241019,4,10/9/2011,5/22/2019,22, ,107,123
241020,10,8/6/2009,5/22/2019, ,52,121,130
241021,2,2/8/2013,5/24/2019,17, ,92,109
241022,10,9/1/2009,5/31/2019, ,40,127,127
241023,2,6/26/2012,6/6/2019,38, ,123,127
241024,8,11/26/2010,6/7/2019, ,26,107,127
241025,2,2/8/2013,6/11/2019,22, ,101,102
241027,2,12/18/2012,6/15/2019,21, ,97,112
241028,6,2/7/2011,6/15/2019, ,38,117,125
241029,2,8/19/2012,6/17/2019,20, ,86,105
243004,18,2/25/2005,5/31/2019, ,63,119,126
243005,10,5/13/2009,6/11/2019, ,28,113,121
243007,14,5/18/2006,5/1/2019, ,37,119,126
243008,12,11/30/2007,5/2/2019, ,33,127,125
243009,26,8/26/2000,5/3/2019, ,74,168,173
243011,22,5/17/2003,5/31/2019, ,54,160,165
243012,20,7/29/2004,6/20/2019, ,27,108,123
243013,20,12/27/2003,5/28/2019, ,47,133,128
243014,12,1/19/2007,6/11/2019, ,33,130,127
243017,26,7/23/2000,6/26/2019, ,37,133,140
243019,23,8/20/2002,8/3/2019, ,65,152,143
243022,3,4/10/2012,8/3/2019,26, ,95,112
243023,13,4/8/2008,7/27/2019, ,61,144,138
243024,11,4/7/2009,9/10/2019, ,21,121,121
243025,23,2/26/2003,8/6/2019, ,44,129,119
243026,3,5/2/2013,8/9/2019,25, ,109,119
243027,21,2/24/2004,8/14/2019, ,93,144,145
243028,23,9/30/2003,9/6/2019, ,45,140,165
243029,5,9/9/2011,9/27/2019, ,12,99,112
243030,5,9/9/2011,9/25/2019, ,23,108,107
243031,23,4/11/2002,11/4/2019, ,42,135,152
243032,7,1/18/2011,10/8/2019, ,29,112,119
243033,17,1/27/2006,11/24/2019, ,29,118,136
243034,6,2/13/2012,12/30/2019, ,39,130,141
244005,3,5/18/2012,6/11/2019,20, ,103,80
244006,3,8/21/2012,6/12/2019,3, ,83,88
244016,7,4/3/2010,6/12/2019, ,25,112,105
244018,9,5/13/2009,6/13/2019, ,24,112,114
244024,12,11/20/2007,5/3/2019, ,19,115,105
244028,12,7/12/2006,5/22/2019, ,27,113,102
244034,13,5/2/2006,6/19/2019, ,31,112,117
244035,13,4/18/2006,6/18/2019, ,18,102,111
244036,13,12/19/2005,6/18/2019, ,14,104,111
244037,14,10/18/2005,5/21/2019, ,11,88,106
244038,14,10/20/2006,6/7/2019, ,26,106,108
244040,15,11/25/2006,6/23/2019, ,26,112,115
244041,16,1/18/2006,5/6/2019, ,25,121,113
244042,15,11/12/2005,6/25/2019, ,22,106,106
244043,15,12/3/2005,6/25/2019, ,21,93,113
244045,15,1/7/2006,6/27/2019, ,18,110,119
244046,16,4/12/2006,5/29/2019, ,28,108,121
246001,12,8/26/2008,6/11/2019, ,28,127,123
246002,14,11/1/2006,6/18/2019, ,54,133,130
246003,18,11/17/2006,6/18/2019, ,55,127,132
246004,20,9/2/2004,6/18/2019, ,44,127,136
246005,22,2/20/2003,6/18/2019, ,75,147,152
246006,14,4/28/2007,6/12/2019, ,40,133,138
246007,10,7/17/2009,6/12/2019, ,53,135,125
246008,6,6/21/2011,6/13/2019, ,38,121,125
246009,8,8/18/2010,6/16/2019, ,42,121,117
246010,21,11/18/2003,7/16/2019, ,37,123,138
246011,15,4/11/2006,7/16/2019, ,23,99,117
246012,3,7/12/2013,9/8/2019,7, ,90,91
246013,9,8/30/2010,9/8/2019, ,31,119,125
246017,25,5/30/2001,9/8/2019, ,39,118,123
248001,4,10/24/2011,5/7/2019,13, ,97,119
248004,4,12/24/2011,5/22/2019,15, ,99,105
248005,6,4/26/2011,5/25/2019, ,22,105,102
248006,10,6/30/2009,5/19/2019, ,45,115,110
248007,6,6/7/2010,6/18/2019, ,41,127,130
248008,6,9/16/2011,5/23/2019, ,10,100,123
248012,12,7/10/2008,5/14/2019, ,35,127,123
248013,16,3/25/2006,4/26/2019, ,39,123,132
248014,16,5/11/2006,5/3/2019, ,41,119,119
248016,26,12/26/2000,5/20/2019, ,92,152,145
248017,24,12/19/2001,5/8/2019, ,43,123,128
248023,18,11/3/2004,6/7/2019, ,63,144,138
248024,25,4/18/2002,7/20/2019, ,82,152,143
248025,13,10/25/2006,5/19/2019, ,56,116,128
248030,20,12/23/2003,6/15/2019, ,46,129,117
248031,24,6/4/2002,6/7/2019, ,73,138,140
248033,21,4/6/2004,7/22/2019, ,90,135,126
248034,17,4/15/2006,7/22/2019, ,59,131,128
248035,21,5/8/2004,8/30/2019, ,38,125,128
248036,7,12/25/2010,9/16/2019, ,19,110,114
248037,23,8/13/2002,12/8/2019, ,38,129,126
248038,3,1/16/2013,9/28/2019,21, ,92,112
248039,21,11/22/2004,11/14/2019, ,39,127,132
248040,14,8/2/2008,12/19/2019, ,31,121,125
248041,11,11/8/2008,11/21/2019, ,33,124,127
248042,13,10/4/2007,12/12/2019, ,29,119,115
248043,7,8/12/2011,12/19/2019, ,24,108,112
248045,10,10/18/2009,2/12/2020, ,22,105,110
248046,10,6/8/2011,2/24/2020, ,29,110,125
248047,18,12/19/2005,2/13/2020, ,55,129,134
248048,24,9/7/2003,2/19/2020, ,33,125,123
248049,14,5/22/2008,2/25/2020, ,56,125,126
248050,20,3/5/2005,3/9/2020, ,36,121,126
248051,24,3/20/2003,3/2/2020, ,58,144,136
248053,14,1/25/2008,3/5/2020, ,16,102,126
249006,11,2/11/2008,6/15/2019, ,18,115,127
249014,10,10/24/2009,12/10/2019, ,34,121,119
249015,20,11/3/2005,11/4/2020, ,62,133,138
249017,20,1/4/2006,11/11/2020, ,30,121,121
249018,12,5/5/2009,11/14/2020, ,54,127,138
249019,6,9/13/2013,11/14/2020, ,15,91,95
249021,6,12/7/2013,11/21/2020, ,10,91,117
249023,18,8/9/2007,12/1/2020, ,47,121,126
249024,8,10/10/2011,12/3/2020, ,23,104,112
251002,18,12/26/2004,5/17/2019, ,62,127,126
251006,7,11/25/2010,7/5/2019, ,40,121,127
252001,8,4/21/2010,6/5/2019, ,12,107,123
252002,12,5/28/2008,6/13/2019, ,45,130,130
252010,10,1/15/2009,5/29/2019, ,30,121,121
252019,22,1/14/2003,5/28/2019, ,57,129,125
253001,8,5/28/2011,5/23/2019, ,25,108,114
253002,4,1/29/2013,5/24/2019,20, ,95,95
253003,16,1/3/2007,5/28/2019, ,45,123,132
253004,12,8/18/2009,6/1/2019, ,32,135,127
253005,10,1/13/2010,6/1/2019, ,36,142,127
253006,6,2/9/2012,6/1/2019, ,20,107,117
253008,6,6/6/2012,6/2/2019, ,37,117,135
253009,6,3/22/2012,6/3/2019, ,26,107,119
253010,16,9/24/2006,6/3/2019, ,53,114,138
253011,16,7/6/2006,6/3/2019, ,43,121,126
253012,12,8/14/2008,6/4/2019, ,57,135,132
253013,14,12/7/2007,6/4/2019, ,33,114,140
253014,24,3/23/2003,6/4/2019, ,47,131,132
253015,12,3/17/2009,6/10/2019, ,37,121,132
253016,8,4/25/2011,6/10/2019, ,31,117,114
253017,4,1/17/2013,6/10/2019,18, ,115,119
253018,18,3/4/2006,6/10/2019, ,47,108,134
253019,18,8/16/2005,6/11/2019, ,54,131,140
253020,16,3/9/2007,6/11/2019, ,72,129,140
253021,8,1/15/2011,6/11/2019, ,17,110,121
253022,18,9/12/2005,6/11/2019, ,23,114,130
253023,6,6/4/2011,6/12/2019, ,18,124,125
253024,16,3/16/2007,6/12/2019, ,39,119,130
253025,22,1/19/2004,6/12/2019, ,49,121,132
253026,8,5/8/2011,6/13/2019, ,41,142,127
253027,14,10/2/2007,6/13/2019, ,35,116,134
253028,12,8/27/2008,6/13/2019, ,30,113,123
253029,10,7/28/2009,6/14/2019, ,29,113,119
253030,16,3/25/2006,6/14/2019, ,38,121,128
253031,8,8/9/2010,6/14/2019, ,38,115,125
253033,6,12/27/2011,6/15/2019, ,14,102,117
253034,10,6/5/2010,6/15/2019, ,32,115,125
253035,18,9/14/2005,6/17/2019, ,55,140,140
253036,6,12/28/2011,6/17/2019, ,19,112,125
253037,14,9/24/2007,6/17/2019, ,52,123,132
253038,16,4/20/2007,6/18/2019, ,50,133,145
253039,4,6/8/2012,6/18/2019,17, ,95,105
253040,8,1/12/2011,6/18/2019, ,26,119,123
253041,6,11/29/2011,6/24/2019, ,15,100,114
253042,22,4/6/2004,6/24/2019, ,51,129,136
253043,16,3/26/2007,6/24/2019, ,28,121,130
253044,10,7/2/2010,6/24/2019, ,23,124,127
253045,24,9/4/2002,6/25/2019, ,51,131,143
253046,14,3/13/2008,6/25/2019, ,39,116,138
253047,8,3/24/2011,6/26/2019, ,23,110,119
253048,18,4/1/2006,6/26/2019, ,49,135,140
253049,22,7/21/2004,6/28/2019, ,46,138,140
253050,4,6/8/2012,6/28/2019,21, ,94,116
254001,4,1/21/2012,5/13/2019,43, ,109,116
254002,4,10/20/2011,5/28/2019,16, ,103,102
254003,4,8/20/2011,5/13/2019,36, ,137,133
254004,4,8/9/2011,5/13/2019,34, ,112,127
254005,4,5/22/2012,5/13/2019,27, ,115,109
254008,6,3/4/2011,5/30/2019, ,31,121,121
254009,6,3/29/2011,5/14/2019, ,7,127,125
254011,8,8/21/2009,5/21/2019, ,45,130,117
254013,8,7/15/2010,5/15/2019, ,38,127,121
254017,10,1/11/2009,5/14/2019, ,39,130,123
254019,11,5/25/2008,6/17/2019, ,43,142,141
254020,12,7/9/2008,5/20/2019, ,45,127,119
254021,12,3/31/2008,5/17/2019, ,37,135,130
254023,21,1/4/2002,6/10/2019, ,30,133,134
254024,15,11/16/2005,7/10/2019, ,23,112,130
254025,19,5/27/2005,7/22/2019, ,46,125,138
255001,11,4/16/2009,10/4/2019, ,37,130,132
255003,6,5/20/2011,5/20/2019, ,35,149,125
255004,12,2/25/2008,5/17/2019, ,41,130,125
255005,22,7/12/2003,6/21/2019, ,58,140,140
255006,14,10/18/2006,5/28/2019, ,59,138,132
255007,20,12/16/2003,6/1/2019, ,67,140,134
255010,11,10/21/2007,6/30/2019, ,39,130,123
255012,7,1/18/2011,7/13/2019, ,32,124,121
255013,13,6/24/2008,7/9/2019, ,50,123,111
255014,7,2/2/2011,7/10/2019, ,42,130,110
256002,8,9/2/2009,6/17/2019, ,40,127,127
256003,19,7/15/2004,7/14/2019, ,54,133,145
256005,15,11/2/2005,6/17/2019, ,31,119,125
256006,5,10/6/2011,7/15/2019, ,12,97,105
256007,13,1/1/2008,7/3/2019, ,19,129,140
256008,17,10/7/2004,6/27/2019, ,43,133,145
256009,5,4/22/2011,6/26/2019, ,15,95,110
256011,9,3/4/2010,7/9/2019, ,45,124,127
256013,25,8/17/2001,7/14/2019, ,74,133,140
256015,19,2/28/2005,7/14/2019, ,55,131,130
256017,17,3/20/2005,6/28/2019, ,78,140,136
256020,23,6/23/2003,9/2/2019, ,83,152,132
256021,15,2/6/2007,7/26/2019, ,39,119,132
256022,17,9/15/2005,8/23/2019, ,59,121,134
256023,19,5/9/2005,7/14/2019, ,71,133,134
256024,23,10/2/2002,7/21/2019, ,58,131,145
256025,17,4/17/2007,7/16/2019, ,52,131,152
256026,7,1/23/2011,7/16/2019, ,41,115,121
256027,9,1/22/2010,7/21/2019, ,55,124,123
256028,11,6/23/2009,7/21/2019, ,41,142,135
256029,15,9/6/2007,7/21/2019, ,41,125,145
256031,25,2/8/2001,7/14/2019, ,48,135,136
256032,19,1/20/2005,7/17/2019, ,42,127,143
256033,11,9/9/2008,7/18/2019, ,29,121,121
256035,11,2/10/2009,7/22/2019, ,38,91,117
256037,7,2/15/2011,7/27/2019, ,31,121,123
256038,23,10/2/2002,8/6/2019, ,54,121,130
256039,13,2/7/2008,8/14/2019, ,34,133,140
256040,9,4/27/2010,8/14/2019, ,24,104,114
256041,15,10/11/2006,8/14/2019, ,33,133,138
256042,21,9/4/2003,8/31/2019, ,63,127,143
256043,25,6/4/2001,8/14/2019, ,87,152,149
256044,15,12/13/2006,8/14/2019, ,56,133,157
256045,5,8/2/2012,8/29/2019, ,36,127,121
256048,17,5/25/2006,9/2/2019, ,32,123,125
256050,13,3/17/2009,9/3/2019, ,37,123,132
257001,3,10/2/2011,7/3/2019,43, ,112,119
257002,3,9/7/2011,7/3/2019,35, ,109,102
257003,3,8/2/2012,6/25/2019,26, ,115,123
257004,3,12/30/2011,6/20/2019,16, ,90,102
257005,3,3/14/2012,6/21/2019,15, ,112,116
257012,5,5/19/2011,6/27/2019, ,19,102,119
257016,5,9/22/2010,6/20/2019, ,12,108,110
257017,5,2/27/2011,6/25/2019, ,21,108,117
257023,7,4/3/2010,6/21/2019, ,27,113,112
257024,7,11/26/2009,6/20/2019, ,35,117,123
257025,7,7/31/2010,7/2/2019, ,25,135,130
257032,7,12/3/2009,6/26/2019, ,30,135,121
258007,26,9/1/2001,6/7/2019, ,52,125,145
258019,22,5/16/2002,6/30/2019, ,45,127,173
258032,5,4/9/2011,8/6/2019, ,36,107,110
258033,11,7/14/2008,8/6/2019, ,64,130,138
259010,4,7/16/2012,6/10/2019,32, ,130,133
259015,8,5/19/2010,6/16/2019, ,36,130,135
259016,20,11/26/2003,6/18/2019, ,46,127,126
259017,12,3/14/2008,6/18/2019, ,41,124,127
259018,8,5/14/2010,6/18/2019, ,41,119,112
259019,8,8/10/2010,6/19/2019, ,39,112,114
259020,8,8/10/2010,6/19/2019, ,45,127,123
259021,22,3/21/2003,6/20/2019, ,69,123,128
259022,24,3/1/2002,6/21/2019, ,73,160,138
259024,26,10/6/2000,6/24/2019, ,91,144,140
259025,8,11/3/2009,6/26/2019, ,36,124,119
259030,8,5/14/2010,6/30/2019, ,30,130,110
259032,15,3/25/2006,6/30/2019, ,45,131,128
259033,3,3/8/2013,7/5/2019,27, ,130,127
259036,3,10/17/2012,7/8/2019,32, ,105,102
259037,3,3/25/2012,7/9/2019, ,7,81,85
259038,11,11/20/2007,7/9/2019, ,14,102,110
259039,11,9/30/2008,7/10/2019, ,28,135,123
259040,19,9/17/2005,7/10/2019, ,44,119,123
259041,17,6/26/2006,7/10/2019, ,35,121,121
259042,11,12/10/2009,7/10/2019, ,32,135,123
259043,17,9/28/2004,7/11/2019, ,27,112,115
259044,9,10/6/2009,7/11/2019, ,28,110,117
259046,9,4/30/2010,7/23/2019, ,32,135,119
259047,5,6/1/2012,7/23/2019, ,28,117,123
259048,13,1/15/2008,7/28/2019, ,38,112,128
259049,3,11/26/2012,8/1/2019,29, ,123,141
259050,3,4/23/2013,8/4/2019,9, ,88,105
260001,12,11/26/2007,5/18/2019, ,45,142,135
260002,6,5/15/2011,5/19/2019, ,30,117,114
260003,8,9/3/2009,5/20/2019, ,30,115,123
260005,6,5/17/2012,6/20/2019, ,13,117,110
260007,3,7/21/2011,6/27/2019,11, ,99,95
260009,8,12/19/2009,5/24/2019, ,27,113,121
260016,6,6/6/2011,6/11/2019, ,22,110,117
260017,6,6/27/2011,6/20/2019, ,27,142,130
261001,8,9/11/2009,6/4/2019, ,42,124,107
261002,8,8/25/2010,6/4/2019, ,40,127,114
261003,3,5/15/2013,7/11/2019,7, ,88,98
261004,26,3/17/2001,6/3/2019, ,63,133,143
261006,6,10/1/2010,6/3/2019, ,41,127,123
261007,8,9/1/2010,6/6/2019, ,15,104,121
261008,6,6/1/2011,6/6/2019, ,50,127,123
261009,6,12/9/2010,6/10/2019, ,36,110,110
261010,6,8/17/2010,6/11/2019, ,31,107,117
261011,18,8/5/2005,6/11/2019, ,58,127,138
261012,16,8/31/2006,6/11/2019, ,53,123,136
261013,12,8/29/2008,6/12/2019, ,35,124,121
261014,18,4/18/2005,6/12/2019, ,69,131,132
261015,26,4/3/2001,6/12/2019, ,64,138,145
261017,6,9/10/2010,6/13/2019, ,20,105,110
261018,22,11/1/2002,6/13/2019, ,63,119,143
261019,14,11/7/2006,6/14/2019, ,50,116,130
261020,22,8/12/2003,6/14/2019, ,72,129,132
261021,26,11/14/2001,6/14/2019, ,57,147,143
261022,14,5/28/2008,6/17/2019, ,30,114,121
261023,14,9/26/2007,6/18/2019, ,39,116,130
261024,11,1/24/2008,6/30/2019, ,31,113,114
261025,11,1/24/2008,6/30/2019, ,34,115,119
261026,16,1/27/2005,6/19/2019, ,61,127,130
261027,3,10/22/2012,7/1/2019,11, ,95,102
261028,9,5/29/2010,7/1/2019, ,36,119,132
261029,20,5/6/2004,6/20/2019, ,56,129,126
261030,13,9/3/2007,7/1/2019, ,42,118,123
261033,14,12/31/2006,6/24/2019, ,26,114,125
261035,22,2/3/2003,6/25/2019, ,47,127,132
261036,13,5/24/2008,7/1/2019, ,46,118,121
261037,8,5/30/2010,6/26/2019, ,22,100,121
261039,13,10/15/2007,7/1/2019, ,44,119,121
261040,16,10/5/2005,6/27/2019, ,62,133,134
261041,22,9/2/2003,6/27/2019, ,60,138,130
261042,13,5/9/2008,7/1/2019, ,39,116,128
261043,26,10/1/2001,6/28/2019, ,46,140,145
261044,13,4/27/2007,7/2/2019, ,35,114,119
261045,13,11/25/2007,7/2/2019, ,45,118,121
261046,3,11/13/2012,7/3/2019,16, ,86,105
261047,17,5/11/2006,7/9/2019, ,45,119,123
261048,15,6/24/2007,7/9/2019, ,54,119,123
261049,15,12/19/2006,7/10/2019, ,28,116,119
262004,4,5/13/2013,5/28/2019,2, ,90,105
262008,4,11/16/2012,6/5/2019,20, ,101,112
262010,12,9/25/2009,6/5/2019, ,43,135,141
262011,16,9/7/2007,6/9/2019, ,47,129,143
262012,16,3/31/2006,6/9/2019, ,79,138,132
262013,14,6/2/2007,6/9/2019, ,47,112,130
262014,6,10/16/2012,6/11/2019, ,29,104,117
262015,12,7/5/2009,6/11/2019, ,46,115,127
262016,8,1/31/2011,6/11/2019, ,9,87,119
262021,20,5/16/2005,6/17/2019, ,39,131,130
262022,16,1/26/2007,6/19/2019, ,45,125,130
262024,8,1/29/2010,6/26/2019, ,27,121,121
262025,12,4/4/2008,6/26/2019, ,40,113,123
262027,3,10/15/2012,8/27/2019,14, ,94,116
262035,7,7/2/2010,9/10/2019, ,43,130,112
262036,11,6/4/2009,9/10/2019, ,62,142,162
262042,7,9/14/2010,9/13/2019, ,29,113,123
262043,3,8/10/2012,9/18/2019,24, ,103,112
262046,17,1/13/2006,9/19/2019, ,37,118,121
262047,1,7/10/2013,9/19/2019,9, ,90,102
262048,7,2/9/2011,9/19/2019, ,14,93,110
262049,3,6/26/2013,9/22/2019,16, ,88,112
262051,3,1/16/2013,10/3/2019,24, ,123,123
262052,9,11/25/2009,10/3/2019, ,34,119,127
262053,3,9/28/2012,9/20/2019,27, ,95,109
262054,1,5/5/2014,9/20/2019,7, ,86,95
262055,1,9/18/2013,9/23/2019,12, ,92,105
262056,3,7/20/2012,9/23/2019,22, ,95,112
262057,1,9/27/2013,9/25/2019,13, ,94,102
262059,9,7/20/2010,9/20/2019, ,31,117,125
262061,1,3/1/2014,9/30/2019,9, ,88,95
262063,1,12/26/2013,9/25/2019,7, ,86,95
262064,11,8/3/2009,10/1/2019, ,30,142,117
262070,15,8/9/2006,9/27/2019, ,39,125,138
262071,3,1/10/2013,10/4/2019,22, ,95,98
262072,7,8/17/2011,9/27/2019, ,31,149,130
262073,7,11/16/2010,10/4/2019, ,37,130,125
262074,9,12/22/2009,10/3/2019, ,42,142,125
263001,23,3/30/2004,6/25/2019, ,54,125,121
263002,25,11/23/2001,6/25/2019, ,75,119,138
263003,25,5/23/2002,6/25/2019, ,26,125,143
263004,23,5/2/2002,6/26/2019, ,14,129,125
263005,21,4/18/2002,6/26/2019, ,23,119,128
263006,23,8/24/2002,6/26/2019, ,20,110,115
263007,23,10/23/2002,6/26/2019, ,16,121,123
264002,26,3/9/2001,5/20/2019, ,49,160,157
264003,22,7/29/2003,5/21/2019, ,54,133,143
264007,18,6/28/2004,5/24/2019, ,43,121,128
264012,6,8/8/2011,5/27/2019, ,14,97,112
264027,14,12/11/2006,6/10/2019, ,46,131,136
264037,16,6/4/2005,6/18/2019, ,61,129,130
264045,20,11/16/2002,6/26/2019, ,47,129,136
264047,7,9/6/2009,7/18/2019, ,14,93,117
264048,15,1/10/2006,7/18/2019, ,55,133,126
265001,16,10/13/2006,5/29/2019, ,31,129,128
265002,14,1/9/2007,5/30/2019, ,38,104,126
265003,14,10/22/2006,6/4/2019, ,31,110,119
265004,18,9/21/2005,6/5/2019, ,41,131,126
265005,14,7/6/2007,6/6/2019, ,29,129,130
265006,14,7/4/2007,6/7/2019, ,55,116,134
265007,16,7/15/2006,6/10/2019, ,43,131,134
265008,16,7/28/2006,6/26/2019, ,52,131,125
265009,14,1/19/2008,6/14/2019, ,59,135,138
265010,14,7/29/2007,6/18/2019, ,41,140,132
265011,20,9/26/2004,6/25/2019, ,40,119,125
265012,6,8/30/2011,6/19/2019, ,31,130,123
265013,16,10/16/2006,6/19/2019, ,65,147,143
265014,6,6/15/2010,6/20/2019, ,30,142,132
265015,4,1/28/2012,6/19/2019,27, ,103,109
265016,6,1/5/2011,6/25/2019, ,15,102,110
265017,19,2/23/2005,7/8/2019, ,37,110,123
265018,13,3/2/2008,8/6/2019, ,61,152,130
265019,3,2/18/2013,8/15/2019,34, ,109,95
265020,13,9/26/2008,9/4/2019, ,40,112,119
265021,23,8/11/2003,9/9/2019, ,55,133,132
266003,5,12/23/2010,5/26/2019, ,33,124,123
266004,3,11/28/2011,5/30/2019,43, ,123,112
266005,5,1/20/2010,5/24/2019, ,19,107,119
266006,19,11/24/2003,5/24/2019, ,45,127,125
266008,23,6/15/2001,5/25/2019, ,45,131,128
266009,15,12/20/2006,5/25/2019, ,46,129,128
266010,21,1/31/2003,3/25/2019, ,48,129,132
266011,19,2/5/2003,5/27/2019, ,49,127,136
266012,19,1/20/2004,6/24/2019, ,52,119,123
266013,5,1/31/2011,6/25/2019, ,19,108,110
266014,23,9/11/2002,9/2/2019, ,54,138,134
266015,3,9/30/2011,6/25/2019,18, ,105,109
266016,5,12/6/2010,6/25/2019, ,25,105,112
266017,5,12/6/2011,9/26/2019,26, ,124,127
266019,4,1/16/2011,11/11/2019,31, ,137,127
267001,21,9/30/2003,8/11/2019, ,51,152,140
267002,21,10/27/2003,8/11/2019, ,57,129,143
267003,13,6/11/2008,8/12/2019, ,37,112,121
267004,15,6/9/2007,8/12/2019, ,35,131,136
267005,19,12/25/2004,8/13/2019, ,43,131,149
267006,19,12/5/2004,8/14/2019, ,62,131,143
267007,19,2/11/2005,8/17/2019, ,61,133,132
268006,5,7/28/2012,7/4/2019, ,17,124,125
268007,15,11/11/2006,7/7/2019, ,39,110,132
268008,23,10/7/2002,7/7/2019, ,62,116,138
269001,5,7/13/2011,7/11/2019, ,10,91,117
269003,19,6/21/2005,8/19/2019, ,42,131,136
269004,23,5/14/2003,8/1/2019, ,79,144,165
269005,17,12/19/2005,7/30/2019, ,41,123,138
269007,25,7/25/2002,7/31/2019, ,93,168,149
269008,13,1/29/2008,7/24/2019, ,38,121,126
269009,17,9/18/2006,8/14/2019, ,46,119,126
269011,5,4/24/2012,8/18/2019, ,28,121,117
269012,3,7/2/2013,9/9/2019,17, ,101,116
269013,5,1/15/2012,9/9/2019, ,20,119,121
271001,5,12/23/2011,8/7/2019, ,14,105,114
271002,15,12/28/2006,7/7/2019, ,43,131,145
271003,15,6/14/2007,8/7/2019, ,47,131,128
271004,15,1/4/2007,8/7/2019, ,46,116,128
271005,15,7/31/2007,7/5/2019, ,47,123,128
271006,17,6/29/2006,7/14/2019, ,72,144,140
271007,19,6/28/2005,7/3/2019, ,47,123,130
271008,18,10/24/2004,6/29/2019, ,47,135,138
271009,19,4/15/2004,7/2/2019, ,28,108,136
271010,26,7/27/2001,6/29/2019, ,59,152,173
271011,17,1/23/2006,8/6/2019, ,74,152,140
271015,17,12/8/2005,8/12/2019, ,78,160,143
301001,6,4/25/2011,6/30/2019, ,42,124,125
302001,3,2/6/2013,7/26/2019,15, ,90,95
302002,3,6/26/2013,8/5/2019,32, ,109,109
302005,5,1/25/2012,7/25/2019, ,13,102,117
302006,5,5/18/2012,7/1/2019, ,14,104,112
302007,5,3/23/2012,7/23/2019, ,9,97,114
302009,7,5/5/2010,7/5/2019, ,23,100,105
302010,7,6/20/2011,7/29/2019, ,36,124,132
302012,7,5/29/2010,8/9/2019, ,44,135,127
302015,11,5/13/2009,7/1/2019, ,28,112,121
302016,11,6/18/2008,7/26/2019, ,33,135,135
302017,11,5/1/2009,8/9/2019, ,30,124,119
302019,13,3/19/2008,7/18/2019, ,34,131,125
302022,13,10/10/2007,8/9/2019, ,51,131,132
302023,13,10/10/2007,8/9/2019, ,53,135,134
302024,13,4/16/2008,8/31/2019, ,36,121,125
302025,15,3/24/2007,7/5/2019, ,42,133,123
302026,15,12/11/2006,8/5/2019, ,40,118,125
302028,19,4/29/2005,8/6/2019, ,47,129,123
302029,21,1/25/2003,7/17/2019, ,33,118,119
302031,21,9/9/2004,8/24/2019, ,93,131,128
302033,23,3/17/2003,9/1/2019, ,24,135,125
305001,7,6/21/2011,7/3/2019, ,39,119,132
305002,23,5/17/2003,7/3/2019, ,66,133,136
305003,11,2/26/2009,7/5/2019, ,41,130,138
305004,7,11/29/2010,7/5/2019, ,28,124,123
305005,3,8/20/2012,7/6/2019,30, ,103,123
305006,13,9/21/2008,7/6/2019, ,53,129,128
305007,21,8/7/2003,7/8/2019, ,52,131,140
305008,19,8/30/2005,7/9/2019, ,39,121,125
305009,13,1/15/2008,7/9/2019, ,19,104,125
305010,13,2/3/2008,8/13/2019, ,30,121,119
305011,1,5/12/2014,7/12/2019,13, ,83,88
305012,9,4/13/2010,7/15/2019, ,38,121,141
305013,7,5/11/2011,7/15/2019, ,24,113,117
305014,3,11/22/2012,7/24/2019,24, ,105,116
305016,23,4/9/2003,7/16/2019, ,61,147,140
305017,13,4/12/2007,7/16/2019, ,31,106,134
305018,9,9/16/2009,7/17/2019, ,43,142,141
305019,5,6/19/2012,7/17/2019, ,20,113,121
305020,3,9/30/2012,7/17/2019,15, ,88,105
305021,23,11/13/2003,7/18/2019, ,61,131,138
305023,9,12/10/2009,7/19/2019, ,43,121,127
305024,21,6/17/2004,7/22/2019, ,76,131,136
305025,11,4/4/2009,7/26/2019, ,40,149,146
305026,3,12/2/2012,7/26/2019,32, ,130,133
305027,9,1/15/2010,7/31/2019, ,35,130,123
305028,15,2/15/2007,8/11/2019, ,46,131,138
305029,15,2/15/2007,8/11/2019, ,51,129,130
307001,5,11/10/2011,9/21/2019, ,21,119,119
307002,5,6/22/2012,9/14/2019, ,14,95,107
307003,5,8/4/2012,9/19/2019, ,7,99,121
307004,5,8/25/2012,8/14/2019, ,8,84,112
307005,13,1/4/2008,9/1/2019, ,36,127,126
307006,13,7/10/2008,8/23/2019, ,50,114,136
307007,15,6/1/2007,8/11/2019, ,65,138,145
307008,9,4/8/2010,9/15/2019, ,45,135,132
307009,15,3/30/2007,8/21/2019, ,42,129,126
307010,15,1/21/2007,9/12/2019, ,54,119,126
307011,15,12/1/2006,9/15/2019, ,42,131,132
307012,17,9/22/2005,8/20/2019, ,44,125,132
307013,17,3/29/2006,9/8/2019, ,50,135,149
307014,17,1/28/2006,9/8/2019, ,52,121,138
307015,9,2/22/2010,9/21/2019, ,42,149,146
307016,23,6/27/2003,9/2/2019, ,71,125,138
307017,15,3/5/2007,10/4/2019, ,48,129,138
309001,11,3/20/2009,8/10/2019, ,90,149,138
309003,21,7/3/2004,8/11/2019, ,45,127,121
309005,13,6/23/2008,8/12/2019, ,32,127,121
309006,15,10/30/2006,8/13/2019, ,49,133,134
309007,17,3/9/2006,8/13/2019, ,50,131,125
309009,13,1/16/2008,8/13/2019, ,46,121,132
309010,13,10/28/2007,8/15/2019, ,39,127,128
309011,25,5/25/2002,8/16/2019, ,53,138,126
309012,23,11/22/2002,8/16/2019, ,55,131,132
309013,17,12/13/2005,8/16/2019, ,44,127,126
309014,3,9/11/2012,8/17/2019,19, ,97,112
309015,5,3/31/2012,8/17/2019, ,37,119,127
309017,11,3/7/2009,8/18/2019, ,42,142,132
309018,23,7/9/2003,8/18/2019, ,59,133,143
309019,17,5/9/2006,8/18/2019, ,43,135,128
309020,9,4/17/2010,8/19/2019, ,39,135,130
309021,5,4/8/2012,8/19/2019, ,15,102,114
309022,23,1/24/2003,8/21/2019, ,84,140,152
309023,23,2/6/2003,8/21/2019, ,71,129,138
309024,9,1/23/2010,8/22/2019, ,22,127,125
309025,9,6/4/2010,8/22/2019, ,30,130,125
309026,3,5/2/2013,8/22/2019,15, ,83,105
309027,7,10/20/2011,8/22/2019, ,26,107,112
309028,23,3/15/2002,8/23/2019, ,62,138,149
309030,19,6/1/2005,8/23/2019, ,55,152,149
309031,15,9/22/2006,8/29/2019, ,37,108,126
309032,13,7/5/2008,8/30/2019, ,56,129,128
309033,1,7/25/2014,8/30/2019,2, ,88,102
309034,7,4/22/2011,8/30/2019, ,26,121,112
309035,1,11/12/2013,8/30/2019,8, ,88,105
309036,1,2/17/2014,8/30/2019,3, ,81,98
309037,23,2/3/2002,8/31/2019, ,72,160,149
309038,21,2/28/2003,8/31/2019, ,61,140,143
309040,21,11/27/2004,8/31/2019, ,70,131,152
309041,13,9/4/2008,9/4/2019, ,42,138,134
309042,13,4/13/2008,9/4/2019, ,36,121,132
309043,3,1/1/2013,9/6/2019,16, ,99,98
309044,11,7/27/2009,9/6/2019, ,39,142,125
309045,13,4/22/2008,9/8/2019, ,43,129,125
309046,17,11/21/2005,9/8/2019, ,48,133,128
309047,21,2/27/2004,9/8/2019, ,65,168,152
309048,19,1/5/2004,9/8/2019, ,48,140,136
309049,19,12/28/2004,9/8/2019, ,45,152,149
310001,7,3/12/2011,9/3/2019, ,27,119,112
310002,7,2/20/2011,9/11/2019, ,24,119,114
310003,7,9/26/2010,9/16/2019, ,21,112,119
310004,7,4/2/2011,9/26/2019, ,30,112,114
310005,5,5/13/2012,9/17/2019, ,13,91,107
310006,7,2/8/2011,10/1/2019, ,36,119,125
310007,5,10/10/2011,10/7/2019, ,15,99,105
310008,5,11/18/2011,10/10/2019, ,14,102,117
310009,5,1/12/2012,10/15/2019, ,31,119,121
310010,5,10/26/2011,10/21/2019, ,19,108,112
310011,5,11/18/2011,10/24/2019, ,30,121,119
310012,3,8/21/2013,11/5/2019,11, ,78,88
310013,3,1/9/2013,11/14/2019,9, ,92,112
310014,5,5/21/2012,11/14/2019, ,26,110,121
310017,5,12/21/2011,11/20/2019, ,21,142,121
310019,3,12/13/2012,12/2/2019,23, ,94,91
310022,3,3/1/2013,12/3/2019,14, ,99,109
313002,7,8/3/2010,11/2/2019, ,12,97,114
313003,5,7/18/2012,11/2/2019, ,17,104,112
313004,7,9/9/2010,11/2/2019, ,33,108,112
313005,25,4/27/2002,11/12/2019, ,37,118,145
313006,13,12/11/2007,11/23/2019, ,51,119,130
313008,9,4/5/2010,11/23/2019, ,39,127,125
313009,17,5/26/2006,11/29/2019, ,51,119,140
313010,21,9/25/2003,12/1/2019, ,39,116,121
313011,11,5/17/2009,12/1/2019, ,35,110,117
313012,21,5/6/2004,12/1/2019, ,48,121,143
313013,7,1/18/2011,12/14/2019, ,26,105,123
313014,15,1/24/2007,12/14/2019, ,38,116,117
313015,17,7/22/2005,12/14/2019, ,48,133,132
313016,15,8/28/2006,12/21/2019, ,59,118,136
313017,9,7/7/2009,12/21/2019, ,18,105,125
313020,9,10/1/2009,12/28/2019, ,31,102,123
313026,20,7/25/2004,2/1/2020, ,58,123,134
314003,13,6/24/2008,11/10/2019, ,45,129,130
314005,17,7/27/2006,12/8/2019, ,32,119,121
314006,17,8/22/2006,12/28/2019, ,49,129,132
314007,5,11/2/2011,12/28/2019, ,24,119,117
314008,5,7/17/2012,12/29/2019, ,23,113,92
314010,5,8/26/2011,12/30/2019, ,10,95,117
314011,11,12/6/2008,12/30/2019, ,39,127,119
314012,4,3/26/2012,1/4/2020,13, ,94,109
314013,14,4/19/2007,1/6/2020, ,36,121,119
314014,6,12/5/2011,1/6/2020, ,23,113,130
314015,14,12/10/2007,1/10/2020, ,49,125,115
315001,5,8/8/2012,10/24/2019, ,30,119,121
315002,5,5/31/2012,10/24/2019, ,5,91,105
315003,3,7/18/2013,11/1/2019,13, ,94,109
315004,5,12/11/2011,11/15/2019, ,20,110,119
315005,3,5/29/2013,11/22/2019,14, ,90,112
315006,1,3/18/2014,11/20/2019,7, ,83,98
315007,11,3/17/2009,12/13/2019, ,49,130,141
315008,5,1/27/2012,11/15/2019, ,19,102,112
315009,3,6/19/2013,11/1/2019,10, ,88,105
315010,1,1/27/2014,11/20/2019,8, ,83,98
315011,5,6/12/2012,11/15/2019, ,24,112,114
315012,1,6/4/2014,11/21/2019,11, ,75,95
315013,5,2/18/2012,11/21/2019, ,5,93,105
315014,5,2/11/2013,11/15/2019, ,31,102,117
315015,5,2/14/2012,12/12/2019, ,15,104,114
315016,1,11/3/2013,12/13/2019,7, ,94,105
315017,1,2/1/2014,12/13/2019,11, ,97,98
315018,5,9/29/2011,12/16/2019, ,11,110,121
315019,3,7/9/2013,12/17/2019,19, ,103,119
315020,3,3/20/2013,12/17/2019,14, ,95,112
316002,9,3/13/2010,11/16/2019, ,36,121,121
316003,5,11/25/2011,11/16/2019, ,36,127,123
316004,1,6/5/2014,11/29/2019,0, ,86,98
316005,11,10/20/2008,11/29/2019, ,42,142,141
316006,17,1/22/2006,11/30/2019, ,40,131,134
316007,21,6/26/2004,11/30/2019, ,39,140,143
316010,19,9/19/2004,11/16/2019, ,54,131,138
316011,9,12/31/2009,11/16/2019, ,36,130,130
316012,24,4/11/2003,1/11/2020, ,48,138,136
316013,16,11/1/2006,1/11/2020, ,49,127,117
316014,16,3/23/2007,1/4/2020, ,40,119,130
317001,21,9/27/2004,10/26/2019, ,62,135,130
317002,9,8/11/2010,11/14/2019, ,33,112,110
317003,11,11/21/2008,10/30/2019, ,31,115,121
317004,15,3/9/2007,11/1/2019, ,35,118,134
317005,5,12/29/2011,11/7/2019, ,2,102,112
317006,9,12/18/2009,11/1/2019, ,27,108,119
317007,7,4/15/2011,11/3/2019, ,28,113,117
317008,1,11/19/2013,11/3/2019,5, ,94,109
317009,8,3/14/2011,1/7/2020, ,34,130,121
317010,15,3/29/2007,11/14/2019, ,45,112,117
317011,3,11/30/2012,11/14/2019,16, ,94,105
317013,24,5/20/2003,1/5/2020, ,77,168,152
317014,16,9/10/2006,1/5/2020, ,76,135,143
317015,10,4/5/2010,1/19/2020, ,60,149,135
317016,6,6/14/2012,1/21/2020, ,22,97,112
318002,9,3/16/2009,11/4/2019, ,25,121,121
318003,17,2/2/2006,11/4/2019, ,59,129,130
318004,15,12/19/2006,11/4/2019, ,35,121,117
318008,19,11/19/2003,11/29/2019, ,45,119,119
318009,9,4/7/2010,11/30/2019, ,30,130,119
318014,8,1/4/2011,12/23/2019, ,24,127,125
318015,4,3/30/2013,12/23/2019,24, ,123,133
318016,16,8/9/2007,12/30/2019, ,47,135,134
318018,4,7/16/2012,12/31/2019,33, ,109,112
318019,4,5/5/2013,12/30/2019,21, ,105,123
318021,2,2/11/2014,1/8/2020,9, ,90,95
318022,4,5/31/2012,1/10/2020,24, ,123,127
318023,2,3/24/2014,1/10/2020,19, ,90,105
318024,6,9/6/2011,1/17/2020, ,7,89,112
318025,4,7/18/2013,1/18/2020,18, ,95,109
318026,6,10/21/2011,1/18/2020, ,20,130,125
318027,2,3/28/2014,1/23/2020,12, ,83,105
319001,5,9/25/2011,12/28/2019, ,7,93,99
319002,7,8/25/2011,12/28/2019, ,31,127,141
319003,7,7/9/2011,12/30/2019, ,29,115,146
319004,9,7/14/2010,12/30/2019, ,31,121,141
319005,9,7/9/2010,12/28/2019, ,31,127,138
319006,11,11/13/2008,12/30/2019, ,18,110,138
319007,19,7/12/2005,12/31/2019, ,37,131,140
319008,23,4/10/2003,12/31/2019, ,30,121,138
319010,11,7/28/2008,12/29/2019, , ,130,130
321001,7,10/29/2010,11/16/2019, ,33,117,125
321002,19,5/3/2005,11/16/2019, ,61,131,123
321003,19,2/9/2004,11/23/2019, ,56,127,121
321004,21,11/26/2002,11/23/2019, ,51,118,138
321005,9,2/10/2010,12/15/2019, ,38,121,121
321006,19,1/19/2005,11/26/2019, ,57,133,130
321007,7,3/31/2011,11/26/2019, ,39,130,127
321008,9,10/22/2009,12/4/2019, ,40,119,119
321009,9,6/16/2010,12/6/2019, ,35,127,121
321010,19,9/12/2004,12/6/2019, ,65,144,152
321011,15,8/1/2006,12/7/2019, ,52,144,130
321012,5,6/4/2012,12/7/2019, ,27,119,114
321013,19,9/20/2004,12/9/2019, ,52,135,125
321014,23,6/22/2003,12/13/2019, ,60,138,132
321015,5,9/28/2011,12/15/2019, ,30,108,114
323001,10,8/21/2010,1/10/2020, ,33,115,119
323002,10,1/28/2009,1/14/2020, ,15,108,110
323003,2,7/8/2014,1/14/2020,13, ,72,102
323004,12,5/28/2009,1/17/2020, ,34,127,125
323007,12,9/16/2007,1/14/2020, ,29,115,132
323008,10,6/8/2010,2/7/2020, ,27,127,135
323010,4,5/3/2013,1/17/2020,28, ,118,116
323013,12,7/6/2009,2/10/2020, ,26,124,130
323014,12,12/5/2008,2/11/2020, ,48,142,123
323015,12,12/22/2007,2/12/2020, ,25,127,125
323016,12,7/6/2009,2/14/2020, ,45,135,130
325002,16,6/27/2007,1/6/2020, ,38,119,126
325004,8,5/27/2011,1/13/2020, ,37,105,119
325008,2,3/4/2014,1/27/2020,9, ,95,112
325009,8,4/13/2011,1/21/2020, ,16,93,112
325011,8,3/17/2011,2/23/2020, ,33,135,138
325013,14,1/15/2008,1/15/2020, ,53,123,134
325014,14,8/25/2008,1/15/2020, ,52,121,121
325015,8,5/27/2011,1/28/2020, ,37,105,119
325016,10,2/15/2010,1/30/2020, ,32,119,121
325018,12,7/26/2008,2/11/2020, ,17,105,112
326001,14,4/23/2008,11/25/2019, ,29,116,126
326002,8,11/2/2009,11/26/2019, ,11,95,112
326003,8,6/1/2011,12/14/2019, ,18,110,119
326004,8,3/4/2011,12/13/2019, ,30,121,123
326005,18,6/5/2006,12/16/2019, ,27,110,126
326006,2,9/5/2013,12/16/2019,39, ,105,119
326008,12,8/8/2009,12/17/2019, ,44,121,119
326011,6,12/3/2011,1/10/2020, ,4,91,107
326013,2,8/8/2013,1/14/2020,14, ,81,95
326021,4,9/9/2012,2/12/2020, ,6,78,85
326023,2,8/7/2014,2/13/2020,13, ,81,88
326025,2,6/5/2014,2/14/2020,33, ,105,98
326026,2,5/1/2013,2/20/2020,31, ,86,88
326027,2,3/23/2013,2/20/2020,3, ,47,57
326028,4,5/13/2012,3/3/2020,61, ,107,95
326031,4,4/6/2013,3/11/2020,1, ,64,69
327001,11,1/27/2009,11/30/2019, ,44,149,132
327002,17,1/10/2006,12/1/2019, ,45,123,138
327004,1,11/27/2013,12/11/2019,8, ,88,91
327005,11,1/11/2009,12/9/2019, ,31,124,102
327007,4,10/23/2012,12/12/2019,9, ,103,109
327008,8,7/11/2011,12/21/2019, ,38,104,110
327009,14,6/11/2007,12/21/2019, ,33,118,134
327010,6,10/26/2010,12/20/2019, ,11,102,112
327011,12,9/7/2008,1/10/2020, ,30,124,127
327012,10,9/24/2009,1/13/2020, ,32,112,114
327014,8,9/27/2010,1/10/2020, ,33,135,130
327015,8,12/21/2010,1/11/2020, ,12,102,125
327016,8,7/12/2011,1/11/2020, ,36,119,125
327017,8,6/14/2011,1/12/2020, ,15,99,114
327018,8,9/7/2010,1/13/2020, ,30,102,121
327019,8,9/13/2010,1/13/2020, ,7,127,123
327020,8,6/11/2011,1/13/2020, ,9,107,119
327021,8,12/13/2010,1/14/2020, ,9,104,123
327022,8,11/5/2010,1/14/2020, ,6,80,110
327023,8,12/22/2010,1/14/2020, ,10,108,117
327024,2,7/2/2013,1/15/2020,9, ,99,112
327025,2,4/10/2014,1/25/2020,15, ,86,105
327026,12,2/5/2009,1/25/2020, ,59,135,132
327027,6,8/15/2012,2/10/2020, ,22,93,112
327028,6,9/5/2011,2/11/2020, ,15,102,107
327030,16,7/27/2006,2/17/2020, ,42,108,125
327031,12,12/4/2008,2/24/2020, ,39,130,127
327032,26,4/6/2002,2/17/2020, ,46,129,140
327033,2,12/30/2013,2/18/2020,17, ,101,109
327034,6,11/22/2011,2/18/2020, ,34,113,117
327036,14,7/18/2007,2/19/2020, ,43,125,134
327037,16,11/10/2005,2/19/2020, ,47,114,134
327038,6,9/2/2011,2/20/2020, ,28,112,119
327039,12,2/19/2008,2/20/2020, ,39,124,121
327040,24,12/1/2003,2/20/2020, ,47,123,123
327041,4,2/26/2013,2/20/2020,22, ,97,109
327042,26,12/20/2001,2/20/2020, ,54,168,149
327043,20,5/16/2005,2/22/2020, ,63,129,134
327044,10,9/8/2009,2/23/2020, ,42,124,132
327045,10,9/2/2009,3/2/2020, ,38,117,123
327046,10,9/2/2009,3/2/2020, ,35,124,121
327047,8,2/28/2011,2/24/2020, ,14,107,105
327048,12,7/16/2008,2/23/2020, ,48,135,138
327049,22,3/16/2004,2/24/2020, ,64,138,145
327050,4,12/19/2012,2/28/2020,15, ,95,116
328001,6,5/16/2012,3/4/2020, ,21,110,119
328003,6,3/26/2012,3/6/2020, ,14,107,110
328004,6,10/28/2011,3/9/2020, ,12,99,117
328005,4,3/29/2013,3/10/2020,13, ,105,116
328006,6,11/21/2011,3/11/2020, ,32,108,114
328007,4,8/30/2012,3/11/2020,20, ,105,98
328008,6,10/8/2011,3/12/2020, ,30,113,112
328009,4,11/3/2012,3/12/2020,16, ,99,116
328010,14,8/28/2007,3/12/2020, ,31,114,119
328011,8,5/17/2011,3/13/2020, ,25,117,132
328012,6,10/14/2011,3/13/2020, ,28,117,119
329002,15,8/7/2007,12/20/2019, ,44,121,132
329003,15,4/13/2007,12/19/2019, ,50,123,125
329004,12,5/26/2009,1/28/2020, ,54,135,132
329006,22,2/14/2004,3/6/2020, ,46,127,132
329007,12,2/13/2008,2/20/2020, ,42,135,117
329008,20,10/14/2005,2/27/2020, ,46,133,125
329014,14,2/13/2008,2/26/2020, ,36,127,126
329017,16,7/11/2007,2/27/2020, ,41,121,125
329018,16,12/14/2006,2/14/2020, ,44,131,136
330001,16,6/11/2007,3/6/2020, ,34,118,123
330002,16,12/14/2006,2/28/2020, ,39,140,140
330003,10,3/2/2010,2/28/2020, ,32,112,130
330004,12,12/27/2008,2/29/2020, ,28,121,135
330006,12,3/3/2009,3/5/2020, ,30,115,127
330007,20,9/24/2005,2/10/2020, ,47,133,130
330008,8,9/5/2010,1/22/2020, ,44,121,132
330009,12,9/28/2008,2/15/2020, ,58,113,141
330010,6,1/22/2012,2/3/2020, ,39,117,130
330011,24,12/26/2002,2/10/2020, ,51,152,138
330012,10,10/12/2009,1/25/2020, ,40,117,127
330013,20,9/20/2004,3/10/2020, ,53,131,128
330014,20,9/17/2004,3/15/2020, ,53,123,138
331001,2,3/12/2014,1/3/2020,8, ,94,112
331002,4,5/13/2013,1/30/2020,6, ,81,85
331003,6,10/24/2011,2/18/2020, ,9,100,114
331004,6,1/11/2012,1/6/2020, ,37,117,121
331005,8,11/23/2010,1/23/2020, ,38,135,127
331007,10,11/3/2009,12/18/2019, ,31,130,146
331008,10,2/15/2010,1/6/2020, ,38,149,130
331009,12,6/29/2009,2/9/2020, ,40,135,127
331011,14,9/14/2007,12/26/2019, ,20,114,119
331012,16,2/25/2007,12/26/2019, ,51,129,119
331013,18,8/4/2006,12/18/2019, ,55,123,117
331014,18,5/19/2005,12/18/2019, ,60,119,126
331015,20,12/17/2004,1/9/2020, ,44,116,132
331016,24,2/23/2003,1/9/2020, ,55,133,130
333008,10,11/28/2009,1/18/2020, ,37,110,117
333009,24,7/16/2003,1/26/2020, ,55,129,134
333011,2,2/26/2014,2/5/2020,14, ,94,105
333012,12,5/7/2009,2/16/2020, ,44,135,125
333013,2,9/16/2013,2/25/2020,17, ,92,109
336001,12,8/20/2009,12/8/2019, ,28,135,132
336002,12,8/22/2009,12/8/2019, ,39,115,132
336004,14,7/6/2007,12/11/2019, ,27,118,125
336005,16,8/20/2007,12/8/2019, ,27,121,132
336006,4,6/23/2013,2/5/2020,21, ,107,102
336007,20,5/11/2005,2/5/2020, ,39,127,132
336008,20,7/5/2005,1/5/2020, ,26,125,128
336010,18,8/15/2006,2/12/2020, ,32,147,143
336011,22,6/9/2004,2/12/2020, ,31,138,143
336012,12,10/20/2009,2/10/2020, ,46,127,132
336013,16,12/15/2006,2/10/2020, ,24,133,121
336014,2,7/22/2014,2/17/2020,11, ,88,109
336016,14,5/20/2008,2/25/2020, ,26,127,130
336017,18,5/4/2006,3/12/2020, ,53,125,125
338001,18,7/21/2006,12/12/2019, ,41,110,130
338003,2,6/14/2014,12/12/2019,8, ,86,109
338005,2,4/11/2014,12/17/2019,6, ,75,98
338007,2,3/20/2014,12/17/2019,10, ,86,95
338009,8,4/3/2011,12/17/2019, ,32,121,125
338010,16,8/27/2006,12/19/2019, ,66,121,121
338011,6,4/29/2012,12/19/2019, ,20,104,114
338013,6,7/3/2011,1/9/2020, ,16,102,105
338014,12,9/25/2008,1/15/2020, ,17,107,117
338015,26,5/25/2002,1/26/2020, ,21,114,132
339001,4,2/12/2013,2/23/2020,22, ,112,112
339002,8,2/25/2011,2/23/2020, ,32,135,130
339003,14,4/29/2007,2/23/2020, ,32,119,128
339004,20,3/29/2005,3/1/2020, ,53,140,132
339005,12,4/6/2009,3/2/2020, ,44,142,125
339006,3,7/20/2010,3/17/2020,46, ,115,119
339007,5,4/11/2012,3/17/2020, ,37,108,114
339009,7,3/7/2011,3/17/2020, ,42,119,119
342001,6,3/29/2012,4/12/2020, ,33,135,121
342002,18,3/22/2006,4/13/2020, ,47,129,128
342003,22,2/24/2003,4/13/2020, ,52,140,125
342006,22,5/1/2003,4/14/2020, ,43,125,117
342008,12,7/30/2009,4/14/2020, ,38,135,127
342009,10,3/20/2010,4/14/2020, ,24,130,125
342010,6,7/30/2012,4/14/2020, ,28,113,114
342011,10,2/4/2010,4/20/2020, ,37,142,141
342012,14,2/26/2008,4/20/2020, ,45,129,134
342013,20,12/19/2004,4/20/2020, ,51,129,143
342015,12,2/22/2009,4/21/2020, ,28,117,125
342018,12,8/6/2008,4/21/2020, ,24,115,127
342019,16,11/29/2006,4/21/2020, ,17,102,132
342020,18,12/12/2005,4/21/2020, ,30,106,125
342021,6,12/14/2011,4/22/2020, ,13,108,121
342023,20,7/6/2005,4/22/2020, ,31,138,138
342024,22,9/12/2003,4/22/2020, ,36,129,134
342027,20,10/11/2004,4/23/2020, ,51,129,123
342028,14,6/17/2008,4/23/2020, ,46,121,123
342030,26,7/8/2001,4/24/2020, ,29,116,132
342031,26,8/23/2002,4/24/2020, ,46,118,123
342033,26,7/26/2002,4/25/2020, ,35,110,125
342034,16,11/21/2006,4/25/2020, ,30,112,113
342037,26,10/16/2001,5/7/2020, ,38,125,130
342038,24,11/18/2002,5/7/2020, ,55,133,132
342041,6,9/5/2011,5/8/2020, ,31,105,119
342045,16,11/14/2006,5/11/2020, ,58,135,125
342047,20,8/3/2004,5/12/2020, ,61,135,138
346002,4,5/24/2012,3/3/2020,18, ,101,119
346003,18,1/25/2005,3/3/2020, ,48,125,149
346004,14,12/25/2007,3/3/2020, ,36,125,128
346005,8,5/24/2011,3/3/2020, ,38,119,119
346006,6,12/18/2011,3/6/2020, ,6,87,107
346007,6,12/14/2011,3/3/2020, ,2,93,107
346008,4,7/30/2013,3/4/2020,16, ,103,112
346011,26,7/7/2002,3/4/2020, ,72,144,140
346012,24,2/19/2003,3/4/2020, ,60,127,134
346014,6,11/11/2011,3/5/2020, ,18,102,117
346015,6,2/11/2011,3/5/2020, ,8,99,112
346017,4,2/2/2012,3/12/2020,21, ,103,112
348001,4,3/13/2014,2/1/2021,21, ,97,119
348002,4,12/23/2013,3/12/2021,32, ,112,133
348003,4,3/17/2014,1/29/2021,25, ,101,116
348004,4,1/12/2014,1/21/2021,15, ,94,112
348005,4,10/1/2013,1/28/2021,21, ,115,116
348006,4,10/2/2013,1/21/2021,39, ,130,119
348007,4,6/25/2014,1/27/2021,29, ,112,116
348008,4,12/5/2013,1/26/2021,34, ,123,141
348009,4,6/19/2014,1/21/2021,32, ,115,123
348010,4,6/13/2014,1/21/2021,29, ,109,116
348011,4,3/5/2014,1/22/2021,28, ,118,119
348012,4,12/5/2013,2/22/2021,28, ,109,133
348013,4,10/15/2013,2/8/2021,34, ,118,127
348014,4,1/27/2014,1/25/2021,23, ,105,116
348015,4,1/23/2014,2/2/2021,30, ,130,149
348016,4,2/20/2014,2/11/2021,31, ,115,127
348017,4,3/4/2014,2/24/2021,32, ,103,127
348018,4,4/24/2014,2/10/2021,31, ,107,112
348019,4,4/11/2014,3/22/2021,26, ,130,123
348020,4,11/3/2013,2/5/2021,29, ,123,141
349001,9,3/29/2011,10/21/2020, ,28,121,121
349002,25,4/19/2002,10/22/2020, ,30,116,123
353002,6,9/1/2011,5/29/2020, ,3,93,110
353003,6,12/28/2011,5/6/2020, ,31,124,127
353004,6,4/8/2012,5/18/2020, ,28,102,121
353005,10,1/16/2010,6/2/2020, ,39,130,119
353006,10,4/1/2009,6/6/2020, ,33,142,146
353007,16,1/19/2007,5/29/2020, ,54,121,134
353008,16,11/10/2005,6/7/2020, ,60,121,143
353009,20,7/13/2005,5/4/2020, ,55,127,130
353012,20,8/20/2005,5/11/2020, ,74,138,157
353013,20,6/6/2005,6/6/2020, ,58,138,140
353017,22,3/25/2004,5/15/2020, ,43,123,138
353018,24,10/2/2002,5/22/2020, ,37,138,134
354001,5,3/18/2013,9/9/2020, ,28,112,102
354002,5,2/18/2013,9/30/2020, ,18,105,114
354003,5,3/3/2013,10/30/2020, ,17,108,119
354004,5,1/19/2013,9/28/2020, ,29,119,121
354005,7,6/1/2012,10/19/2020, ,13,91,102
354006,7,4/9/2012,11/15/2020, ,27,127,130
354007,7,2/24/2012,11/25/2020, ,25,112,127
354008,9,5/4/2011,10/19/2020, ,35,142,123
354009,9,5/30/2011,11/20/2020, ,38,127,127
354010,9,9/28/2011,11/30/2020, ,20,119,127
354011,11,5/30/2010,10/26/2020, ,39,121,121
354012,11,4/13/2010,10/30/2020, ,17,130,127
354015,17,5/12/2007,11/6/2020, ,42,125,123
354016,17,4/18/2007,10/12/2020, ,39,131,157
354017,17,3/24/2007,11/2/2020, ,45,125,136
354018,17,4/1/2007,11/20/2020, ,33,127,123
354019,19,6/23/2006,11/16/2020, ,36,118,125
354020,21,4/8/2005,10/6/2020, ,31,121,132
354021,21,7/25/2005,10/27/2020, ,48,133,138
354022,21,7/1/2005,10/30/2020, ,31,119,126
354023,21,2/1/2005,11/19/2020, ,55,135,140
354024,21,2/14/2005,11/10/2020, ,41,116,123
354025,23,4/29/2004,9/25/2020, ,53,168,152
354026,23,7/4/2004,10/7/2020, ,43,129,136
354027,25,5/23/2003,9/19/2020, ,66,147,136
354028,25,6/9/2003,9/11/2020, ,42,131,136
354029,25,5/14/2003,9/14/2020, ,44,125,132
354030,25,4/30/2003,10/16/2020, ,45,116,128
354031,25,3/14/2003,11/9/2020, ,50,147,149
354032,25,4/15/2003,11/10/2020, ,41,127,140
354033,25,5/1/2003,10/3/2020, ,45,131,152
354034,25,8/7/2002,9/18/2020, ,32,125,111
354035,25,3/7/2003,9/4/2020, ,48,135,165
354037,9,2/28/2011,11/25/2020, ,22,110,130
354038,9,4/24/2011,11/25/2020, ,41,121,125
354039,11,6/22/2009,9/17/2020, ,37,142,125
360001,9,6/11/2011,11/19/2020, ,34,113,121
360002,9,8/4/2010,12/1/2020, ,34,102,110
360003,9,12/11/2010,12/3/2020, ,40,135,127
360004,9,3/12/2010,12/7/2020, ,34,112,117
360005,13,6/6/2008,12/8/2020, ,60,119,123
360006,11,4/20/2010,12/9/2020, ,53,127,125
360007,5,2/29/2012,12/9/2020, ,23,97,112
360008,7,10/21/2011,12/10/2020, ,34,117,123
360009,7,4/13/2011,12/11/2020, ,31,110,121
360010,7,11/24/2011,12/14/2020, ,21,112,112
360011,7,7/6/2011,12/15/2020, ,25,102,119
360012,5,12/4/2012,12/16/2020, ,9,99,84
360013,7,8/19/2011,12/16/2020, ,23,105,112
360014,5,12/16/2012,12/17/2020, ,21,110,123
360015,5,3/14/2012,12/18/2020, ,14,102,117
360017,12,3/14/2010,1/6/2021, ,29,117,110
360018,12,6/26/2009,1/7/2021, ,35,127,119
360019,4,12/9/2013,1/8/2021,13, ,81,105
360020,12,2/11/2010,1/8/2021, ,47,113,135
360023,14,3/17/2009,1/13/2021, ,41,114,121
360024,8,7/7/2012,1/14/2021, ,11,117,114
360026,10,6/14/2011,1/25/2021, ,38,121,121
360028,8,10/10/2011,1/27/2021, ,23,102,117
360029,6,10/29/2012,1/29/2021, ,30,100,107
360030,6,5/20/2013,2/1/2021, ,19,102,107
360031,8,8/15/2011,2/2/2021, ,29,104,119
360032,8,7/13/2011,2/3/2021, ,25,107,119
360033,12,5/4/2009,2/4/2021, ,42,130,121
360034,8,12/28/2011,2/5/2021, ,28,107,119
360035,4,12/10/2013,2/8/2021,13, ,92,109
360036,12,11/24/2009,2/9/2021, ,32,107,112
360037,10,3/17/2010,2/10/2021, ,32,104,114
360038,6,4/4/2013,2/22/2021, ,29,113,127
360040,10,2/12/2010,2/24/2021, ,31,112,121
360041,4,6/19/2013,2/26/2021,17, ,105,105
360042,4,8/14/2014,3/26/2021,21, ,86,109
360043,6,7/11/2012,3/3/2021, ,33,108,105
360044,10,8/6/2011,3/4/2021, ,23,117,119
360045,6,6/16/2012,3/15/2021, ,22,102,112
360046,6,12/27/2012,3/16/2021, ,17,105,112
361001,8,3/21/2012,11/23/2020, ,28,124,121
361002,12,5/14/2010,1/5/2021, ,34,121,138
361003,8,2/28/2012,12/1/2020, ,5,100,121
361004,12,3/18/2010,12/15/2020, ,36,108,121
361005,12,5/6/2009,12/28/2020, ,35,115,130
361006,10,6/6/2010,12/17/2020, ,31,115,117
361007,10,1/7/2011,12/3/2020, ,23,104,127
361009,6,9/2/2012,1/4/2021, ,18,108,127
361013,14,12/6/2008,1/1/2021, ,31,119,128
361019,18,11/4/2006,1/7/2021, ,42,125,121
361020,16,12/11/2007,1/2/2021, ,56,138,138
361021,22,9/18/2004,12/2/2020, ,31,110,136
361023,22,4/8/2005,12/2/2020, ,46,123,143
361025,20,6/2/2006,1/1/2021, ,41,114,128
361026,20,9/22/2005,12/21/2020, ,34,125,136
361028,24,11/10/2003,12/2/2020, ,33,116,126
362001,20,5/5/2005,1/30/2021, ,38,118,140
362002,6,8/30/2012,1/30/2021, ,27,108,121
362003,6,6/3/2013,2/5/2021, ,22,112,121
362004,6,4/24/2012,2/6/2021, ,23,115,125
362005,14,5/4/2009,2/6/2021, ,37,118,128
362006,6,12/16/2012,2/27/2021, ,26,112,117
362007,18,9/14/2007,2/27/2021, ,63,135,130
362008,6,12/10/2012,2/27/2021, ,22,113,114
362010,6,10/8/2012,3/6/2021, ,14,102,119
363001,4,11/27/2013,3/8/2021,26, ,123,127
363002,4,12/24/2013,3/9/2021,32, ,115,123
363003,4,4/2/2014,3/29/2021,15, ,97,112
363004,4,1/5/2014,3/9/2021,8, ,101,109
363005,4,7/24/2014,3/9/2021,17, ,92,116
363006,4,5/2/2014,3/23/2021,16, ,88,105
363007,4,6/7/2014,3/30/2021,18, ,118,141
363008,4,8/22/2013,3/30/2021,14, ,94,109
363009,4,2/25/2014,3/30/2021,14, ,94,105
364003,2,4/20/2015,3/11/2021,1, ,64,74
364004,4,4/1/2014,3/12/2021,18, ,103,109
364005,4,4/13/2014,3/12/2021,20, ,101,109
364006,4,11/1/2013,3/12/2021,32, ,97,116
364007,6,1/13/2013,3/12/2021, ,28,121,135
364008,6,3/3/2013,3/12/2021, ,30,102,125
364009,6,9/5/2012,3/12/2021, ,31,119,130
365001,2,1/9/2015,3/11/2021,15, ,95,105
365005,6,7/31/2012,3/15/2021, ,15,105,110
365006,2,4/18/2015,3/18/2021,10, ,92,85
365008,6,4/18/2013,3/16/2021, ,25,104,114
365010,4,6/20/2014,3/16/2021,16, ,103,105
365011,4,6/18/2014,3/22/2021,6, ,81,102
365012,6,4/10/2012,3/15/2021, ,24,107,102
365016,6,7/31/2013,3/18/2021, ,29,110,119
365017,6,7/31/2012,3/19/2021, ,30,108,121
365018,6,7/2/2013,3/22/2021, ,5,89,112
365019,6,12/2/2013,3/25/2021, ,26,113,112
365020,6,3/26/2013,3/19/2021, ,37,121,112
365021,6,6/1/2013,3/25/2021, ,38,119,121
365022,6,5/5/2013,3/19/2021, ,21,113,110
365023,6,3/27/2013,3/22/2021, ,24,124,119
401001,3,5/1/2014,10/13/2020,38, ,112,119
401010,3,4/29/2014,12/22/2020,18, ,92,109
401011,4,2/25/2014,1/6/2021,19, ,97,102
401012,12,2/11/2010,1/7/2021, ,39,130,127
401013,4,6/18/2014,1/8/2021,22, ,130,119
401014,10,11/21/2009,1/12/2021, ,27,108,112
401015,4,11/24/2013,1/13/2021,20, ,94,112
401016,4,7/26/2014,1/14/2021,31, ,118,112
401017,4,4/27/2014,1/16/2021,16, ,97,105
401019,4,10/10/2013,1/27/2021,22, ,99,82
501001,14,1/23/2007,5/15/2019, ,39,121,130
501002,6,1/14/2011,5/20/2019, ,32,124,123
501003,6,1/14/2011,5/20/2019, ,29,117,119
501004,14,12/12/2006,5/16/2019, ,30,119,136
501006,18,7/15/2005,5/30/2019, ,48,123,126
501007,14,4/20/2007,5/19/2019, ,44,116,130
501008,18,5/2/2005,5/24/2019, ,37,125,132
501009,26,10/5/2001,5/13/2019, ,66,152,143
501012,10,3/13/2010,5/22/2019, ,29,149,154
501013,16,3/11/2006,5/13/2019, ,54,114,136
501014,14,12/20/2006,5/29/2019, ,36,106,130
501016,6,3/17/2011,5/24/2019, ,40,135,121
501018,18,9/6/2004,5/23/2019, ,54,152,130
501020,18,9/6/2004,5/24/2019, ,54,144,140
501021,18,3/18/2005,5/29/2019, ,50,119,128
501022,18,11/6/2004,5/30/2019, ,46,133,134
501023,18,11/9/2004,5/29/2019, ,56,138,134
501024,18,9/20/2004,5/23/2019, ,25,129,138
501027,6,9/30/2010,4/27/2019, ,28,149,132
501028,20,2/17/2004,4/27/2019, ,51,125,132
501029,20,2/20/2004,4/28/2019, ,52,121,128
