ID,age,group,raw
201021,8.67945205479452,8.612022409493305,80
201024,11.849315068493151,11.689430024621958,90
201027,15.087431693989071,14.82702781017509,114
202002,18.092896174863387,17.97197012771691,140
202003,17.745205479452054,17.97197012771691,123
202004,18.465753424657535,17.97197012771691,116
203006,10.336986301369864,10.37886228584443,35
203007,10.635616438356164,10.37886228584443,71
203008,11.136612021857923,11.024619867393564,80
203009,10.794520547945206,11.024619867393564,96
203010,11.21311475409836,11.024619867393564,90
203011,10.901369863013699,11.024619867393564,62
203012,11.248633879781421,11.024619867393564,96
203013,10.854794520547944,11.024619867393564,77
203015,12.682191780821917,12.409892048232685,103
203016,13.463013698630137,13.851552941438793,114
203017,15.416438356164383,15.693530276797809,105
203018,17.660273972602738,17.97197012771691,117
203028,11.43013698630137,11.689430024621958,93
204005,12.284931506849315,12.409892048232685,106
204013,11.643835616438356,11.689430024621958,102
204014,12.56986301369863,12.409892048232685,143
204017,13.961643835616439,13.851552941438793,75
205012,10.372602739726027,10.37886228584443,59
205016,13.265753424657534,13.102321966384922,98
205017,8.824657534246576,8.612022409493305,72
205020,12.906849315068493,13.102321966384922,82
205023,9.062841530054644,9.113897923915816,22
205027,11.463013698630137,11.689430024621958,52
205031,14.237704918032787,13.851552941438793,119
205032,17.610958904109587,17.97197012771691,97
205037,15.986301369863014,15.693530276797809,114
205038,16.90958904109589,16.688862781251355,79
206004,12.01639344262295,11.689430024621958,113
206007,14.36986301369863,13.851552941438793,77
206008,12.498630136986302,12.409892048232685,103
206009,12.01639344262295,11.689430024621958,94
206010,9.163934426229508,9.113897923915816,75
207009,8.854794520547944,8.612022409493305,53
207010,8.92876712328767,9.113897923915816,58
207011,10.224043715846994,10.37886228584443,51
207012,11.764383561643836,11.689430024621958,64
207013,11.63013698630137,11.689430024621958,82
207014,12.997260273972604,13.102321966384922,92
207015,13.292349726775956,13.102321966384922,89
207016,13.191256830601093,13.102321966384922,40
207017,13.306010928961749,13.102321966384922,52
207018,13.183060109289617,13.102321966384922,97
207019,12.865753424657534,13.102321966384922,92
207020,12.756164383561643,13.102321966384922,87
207021,14.158469945355192,13.851552941438793,94
208013,7.476712328767123,6.96408127121249,70
208015,15.583561643835617,15.693530276797809,89
208019,10.512328767123288,10.37886228584443,25
208023,9.438356164383562,9.69465982770401,31
208024,10.67945205479452,10.37886228584443,38
209015,14.323287671232876,13.851552941438793,82
210008,8.28415300546448,8.016325347898842,70
210009,8.28415300546448,8.016325347898842,59
210010,14.682191780821917,14.82702781017509,110
210011,15.70958904109589,15.693530276797809,157
210012,17.589041095890412,17.97197012771691,123
210019,10.112021857923498,10.37886228584443,62
210025,9.049180327868852,9.113897923915816,68
210030,17.86849315068493,17.97197012771691,93
210031,15.333333333333334,15.693530276797809,118
210032,13.193989071038251,13.102321966384922,126
210034,16.835616438356166,16.688862781251355,109
210035,12.797260273972602,13.102321966384922,79
210036,11.873972602739727,11.689430024621958,85
210037,7.114754098360656,6.96408127121249,38
210040,13.21311475409836,13.102321966384922,99
210041,15.764383561643836,15.693530276797809,81
210042,16.76986301369863,16.688862781251355,101
210043,7.4863387978142075,6.96408127121249,42
210046,9.136612021857923,9.113897923915816,94
210047,15.03825136612022,14.82702781017509,147
210048,17.024590163934427,16.688862781251355,127
211002,10.673972602739726,10.37886228584443,119
211006,14.155737704918034,13.851552941438793,130
211007,7.890410958904109,8.016325347898842,79
211009,16.19125683060109,16.688862781251355,102
211010,11.558904109589042,11.689430024621958,81
211014,11.155737704918034,11.024619867393564,67
211016,9.19672131147541,9.113897923915816,66
211017,15.465753424657533,15.693530276797809,73
211018,16.495890410958904,16.688862781251355,84
211020,15.61917808219178,15.693530276797809,99
211021,18.174863387978142,17.97197012771691,108
211024,13.591780821917808,13.851552941438793,98
211027,14.506849315068493,14.82702781017509,102
211028,10.884931506849314,11.024619867393564,56
211029,15.26775956284153,14.82702781017509,93
211030,17.02185792349727,16.688862781251355,110
211032,16.53972602739726,16.688862781251355,166
211033,10.512328767123288,10.37886228584443,114
211034,8.901369863013699,9.113897923915816,57
211035,11.254098360655737,11.024619867393564,71
211036,13.202185792349727,13.102321966384922,116
211038,16.043715846994534,15.693530276797809,97
211039,13.202185792349727,13.102321966384922,77
211041,14.797260273972602,14.82702781017509,104
211042,14.69041095890411,14.82702781017509,127
211044,15.61917808219178,15.693530276797809,91
211049,16.117486338797814,15.693530276797809,98
211050,16.947945205479453,16.688862781251355,79
211051,9.237704918032787,9.113897923915816,36
211052,13.810958904109588,13.851552941438793,69
211062,12.813698630136987,13.102321966384922,60
211063,13.567123287671233,13.851552941438793,89
211064,15.846575342465753,15.693530276797809,106
211065,17.504109589041096,17.97197012771691,138
211066,15.319672131147541,15.693530276797809,105
211067,13.05464480874317,13.102321966384922,60
211068,16.21311475409836,16.688862781251355,93
211069,15.64931506849315,15.693530276797809,127
211071,15.93972602739726,15.693530276797809,104
211074,10.087431693989071,10.37886228584443,44
211075,11.12295081967213,11.024619867393564,88
212003,9.849315068493151,9.69465982770401,82
212004,9.945205479452055,9.69465982770401,49
212005,11.139344262295081,11.024619867393564,68
212006,11.947945205479453,11.689430024621958,103
212007,13.33972602739726,13.102321966384922,68
212008,14.389041095890411,14.82702781017509,62
212009,13.945205479452055,13.851552941438793,51
212010,13.838356164383562,13.851552941438793,79
212011,15.498630136986302,15.693530276797809,121
212012,16.12295081967213,15.693530276797809,87
212013,15.051912568306012,14.82702781017509,112
212014,15.868493150684932,15.693530276797809,100
212015,16.19945355191257,16.688862781251355,122
212016,15.131147540983607,14.82702781017509,106
212017,15.873972602739727,15.693530276797809,120
212018,16.07650273224044,15.693530276797809,102
212019,15.534246575342467,15.693530276797809,92
212020,16.69041095890411,16.688862781251355,121
212021,18.265753424657536,17.97197012771691,55
212022,17.312328767123287,17.97197012771691,44
212023,17.005464480874316,16.688862781251355,91
212024,17.53150684931507,17.97197012771691,112
212025,18.166666666666668,17.97197012771691,105
212026,18.542465753424658,17.97197012771691,120
212027,18.326027397260273,17.97197012771691,135
212028,18.08743169398907,17.97197012771691,94
212029,18.356164383561644,17.97197012771691,92
213002,16.791780821917808,16.688862781251355,55
213005,9.19672131147541,9.113897923915816,66
213008,8.92876712328767,9.113897923915816,78
213017,12.509589041095891,12.409892048232685,75
213018,14.745205479452055,14.82702781017509,106
214009,10.07103825136612,10.37886228584443,71
214012,11.852054794520548,11.689430024621958,79
214013,13.03551912568306,13.102321966384922,90
214014,10.745205479452055,11.024619867393564,66
214015,10.336986301369864,10.37886228584443,100
214017,13.843835616438357,13.851552941438793,115
214018,17.476712328767125,17.97197012771691,97
214021,9.2986301369863,9.113897923915816,86
214024,12.457534246575342,12.409892048232685,109
214028,14.076502732240437,13.851552941438793,80
214029,12.098360655737705,12.409892048232685,90
214031,8.915068493150685,9.113897923915816,59
214032,9.608219178082193,9.69465982770401,63
214034,15.613698630136986,15.693530276797809,120
214035,16.27123287671233,16.688862781251355,121
214040,10.207650273224044,10.37886228584443,68
214044,12.345205479452055,12.409892048232685,108
214052,10.133879781420765,10.37886228584443,85
214056,8.112021857923498,8.016325347898842,71
214058,9.437158469945356,9.69465982770401,85
214060,12.23224043715847,12.409892048232685,137
214068,13.51639344262295,13.851552941438793,81
214069,9.407103825136613,9.69465982770401,62
214072,10.786301369863013,11.024619867393564,104
214074,11.024590163934427,11.024619867393564,56
216005,17.26027397260274,16.688862781251355,109
217015,8.863013698630137,8.612022409493305,84
217016,8.917808219178083,9.113897923915816,63
217017,9.084699453551913,9.113897923915816,70
217019,12.199453551912569,12.409892048232685,81
217020,10.698630136986301,10.37886228584443,48
217021,13.16120218579235,13.102321966384922,118
217022,14.076502732240437,13.851552941438793,109
218003,9.556164383561644,9.69465982770401,79
218004,9.931506849315069,9.69465982770401,80
218005,9.931506849315069,9.69465982770401,95
218006,11.728767123287671,11.689430024621958,77
218007,12.953424657534246,13.102321966384922,63
218009,16.904109589041095,16.688862781251355,105
218010,16.410958904109588,16.688862781251355,89
218011,17.386301369863013,17.97197012771691,104
218012,16.956164383561642,16.688862781251355,122
218013,17.553424657534247,17.97197012771691,129
218014,18.67945205479452,17.97197012771691,82
219006,8.632876712328766,8.612022409493305,81
219007,12.158469945355192,12.409892048232685,75
219008,11.224043715846994,11.024619867393564,92
220016,9.572602739726028,9.69465982770401,77
220017,8.794520547945206,8.612022409493305,14
220018,9.194520547945206,9.113897923915816,49
220019,9.114754098360656,9.113897923915816,51
220020,9.081967213114755,9.113897923915816,38
220021,9.092896174863387,9.113897923915816,76
221001,16.60821917808219,16.688862781251355,102
221002,15.402739726027397,15.693530276797809,87
221003,16.23013698630137,16.688862781251355,125
221004,15.520547945205479,15.693530276797809,122
221005,15.632876712328766,15.693530276797809,76
221006,18.29041095890411,17.97197012771691,71
221007,15.786301369863013,15.693530276797809,132
221008,16.6,16.688862781251355,96
221009,16.4027397260274,16.688862781251355,102
221010,19.057377049180328,17.97197012771691,102
221011,17.240437158469945,16.688862781251355,90
221013,16.092896174863387,15.693530276797809,97
221014,15.772602739726027,15.693530276797809,95
221015,17.723287671232878,17.97197012771691,103
221016,15.98082191780822,15.693530276797809,106
221017,16.114754098360656,15.693530276797809,71
221018,16.512328767123286,16.688862781251355,68
221019,18.136612021857925,17.97197012771691,128
222023,8.33972602739726,8.016325347898842,74
222026,16.304109589041097,16.688862781251355,114
222028,10.76986301369863,11.024619867393564,64
223002,9.865753424657534,9.69465982770401,69
223005,9.824657534246576,9.69465982770401,55
223006,9.597260273972603,9.69465982770401,76
223007,10.2986301369863,10.37886228584443,71
223008,10.117486338797814,10.37886228584443,42
223009,11.93972602739726,11.689430024621958,75
223010,12.245901639344263,12.409892048232685,106
223011,12.413698630136986,12.409892048232685,104
223012,10.682191780821917,10.37886228584443,94
223013,10.682191780821917,10.37886228584443,79
223015,11.90958904109589,11.689430024621958,72
223016,11.747945205479452,11.689430024621958,86
223017,14.019125683060109,13.851552941438793,76
223018,14.441095890410958,14.82702781017509,87
223019,15.21311475409836,14.82702781017509,116
223020,14.95068493150685,14.82702781017509,82
223021,14.654794520547945,14.82702781017509,89
223022,8.613698630136986,8.612022409493305,18
223024,15.402739726027397,15.693530276797809,125
223027,17.03551912568306,16.688862781251355,103
223028,12.967123287671233,13.102321966384922,137
223029,8.597260273972603,8.612022409493305,55
223031,16.81095890410959,16.688862781251355,94
223032,18.378082191780823,17.97197012771691,82
223033,9.687671232876712,9.69465982770401,77
223034,14.128415300546449,13.851552941438793,103
223036,11.204918032786885,11.024619867393564,63
223037,8.553424657534247,8.612022409493305,57
223042,15.482191780821918,15.693530276797809,106
223047,14.12295081967213,13.851552941438793,97
223048,11.726027397260275,11.689430024621958,87
223049,10.024590163934427,9.69465982770401,55
223051,8.852054794520548,8.612022409493305,36
223052,17.706849315068492,17.97197012771691,115
223053,15.42896174863388,15.693530276797809,129
223054,13.526027397260274,13.851552941438793,69
223055,12.21311475409836,12.409892048232685,89
223056,10.838356164383562,11.024619867393564,56
223058,11.654794520547945,11.689430024621958,43
223061,18.49041095890411,17.97197012771691,136
223062,14.40983606557377,14.82702781017509,116
223063,12.898630136986302,13.102321966384922,120
223064,16.715068493150685,16.688862781251355,147
223065,15.262295081967213,14.82702781017509,126
223066,11.158469945355192,11.024619867393564,95
223067,9.873972602739727,9.69465982770401,36
223068,14.506849315068493,14.82702781017509,68
223069,11.736986301369862,11.689430024621958,76
223070,11.841095890410958,11.689430024621958,75
223071,8.278688524590164,8.016325347898842,35
223072,8.027322404371585,8.016325347898842,37
223073,10.046448087431694,10.37886228584443,55
223074,8.10655737704918,8.016325347898842,48
223075,13.259562841530055,13.102321966384922,99
225005,8.673972602739726,8.612022409493305,48
225006,9.67945205479452,9.69465982770401,88
225009,10.158469945355192,10.37886228584443,31
225010,13.238356164383562,13.102321966384922,127
226012,9.334246575342465,9.113897923915816,67
226013,8.98904109589041,9.113897923915816,57
226014,9.747945205479452,9.69465982770401,75
226015,9,9.113897923915816,29
226017,9.43013698630137,9.69465982770401,99
226020,14.191780821917808,13.851552941438793,58
226021,14.142465753424657,13.851552941438793,59
226022,13.789041095890411,13.851552941438793,58
226023,12.224657534246575,12.409892048232685,79
226024,12.797260273972602,13.102321966384922,46
226025,13.758904109589041,13.851552941438793,85
226026,10.580821917808219,10.37886228584443,78
226027,9.852054794520548,9.69465982770401,67
226028,9.745205479452055,9.69465982770401,65
226029,10,9.69465982770401,92
226030,10.72054794520548,10.37886228584443,56
226031,10.101092896174864,10.37886228584443,71
226032,9.131147540983607,9.113897923915816,65
226033,10.747945205479452,11.024619867393564,71
226034,10.827397260273973,11.024619867393564,88
226036,10.753424657534246,11.024619867393564,76
226037,10.438356164383562,10.37886228584443,102
226038,11.967123287671233,11.689430024621958,88
226039,9.915068493150685,9.69465982770401,52
226040,10.367123287671232,10.37886228584443,92
226041,10.128415300546449,10.37886228584443,106
226042,9.1775956284153,9.113897923915816,72
226043,9.051912568306012,9.113897923915816,86
226044,10.66027397260274,10.37886228584443,89
226045,8.36986301369863,8.612022409493305,53
226046,10.745205479452055,11.024619867393564,61
226047,9.068306010928962,9.113897923915816,78
226048,12.416438356164383,12.409892048232685,79
226049,12.416438356164383,12.409892048232685,81
226050,15.621917808219179,15.693530276797809,111
226051,15.254098360655737,14.82702781017509,99
227004,10.01639344262295,9.69465982770401,29
227005,10.843835616438357,11.024619867393564,121
227006,9.473972602739726,9.69465982770401,82
227007,12.251366120218579,12.409892048232685,78
227008,11.397260273972602,11.689430024621958,84
227010,11.794520547945206,11.689430024621958,73
227011,10.745205479452055,11.024619867393564,83
227016,16.188524590163933,16.688862781251355,61
227017,17.72876712328767,17.97197012771691,119
227020,13.427397260273972,13.102321966384922,65
227021,13.495890410958904,13.851552941438793,88
227026,14.687671232876712,14.82702781017509,68
228004,17.736986301369864,17.97197012771691,138
228006,18.671232876712327,17.97197012771691,100
228007,12.295890410958904,12.409892048232685,73
228009,18.136612021857925,17.97197012771691,124
228010,18.87123287671233,17.97197012771691,100
231038,13.180821917808219,13.102321966384922,36
231039,13.449315068493151,13.851552941438793,52
231043,14.616438356164384,14.82702781017509,58
231045,16.49041095890411,16.688862781251355,62
231046,16.284931506849315,16.688862781251355,71
231047,17.027322404371585,16.688862781251355,95
231049,20.081967213114755,17.97197012771691,98
231050,18.15573770491803,17.97197012771691,51
232001,12.002732240437158,11.689430024621958,82
232002,10.830136986301369,11.024619867393564,46
232008,10.58904109589041,10.37886228584443,100
232009,10.783561643835617,11.024619867393564,78
232010,17.958904109589042,17.97197012771691,147
232011,17.794520547945204,17.97197012771691,126
232012,15.405479452054795,15.693530276797809,131
232013,16.92054794520548,16.688862781251355,96
232014,12.860273972602739,13.102321966384922,97
232017,11.051912568306012,11.024619867393564,80
232018,17.66849315068493,17.97197012771691,163
232022,12.084699453551913,12.409892048232685,75
232023,9.594520547945205,9.69465982770401,71
232024,12.64109589041096,12.409892048232685,95
232027,9.347945205479451,9.113897923915816,43
232028,9.248633879781421,9.113897923915816,79
232029,10.515068493150684,10.37886228584443,84
232032,18.202185792349727,17.97197012771691,112
232050,17.953424657534246,17.97197012771691,135
232051,12.297814207650273,12.409892048232685,92
232052,10.349726775956285,10.37886228584443,81
232053,11.229508196721312,11.024619867393564,83
232058,17.079234972677597,16.688862781251355,118
232059,15.352459016393443,15.693530276797809,140
232060,17.802739726027397,17.97197012771691,105
232063,14.69041095890411,14.82702781017509,143
232064,13.494535519125684,13.851552941438793,101
232066,15.726027397260275,15.693530276797809,106
232067,14.084699453551913,13.851552941438793,101
232069,12.712328767123287,12.409892048232685,87
232071,17.92054794520548,17.97197012771691,101
232072,15.717808219178082,15.693530276797809,151
232073,15.605479452054794,15.693530276797809,116
232074,13.23224043715847,13.102321966384922,66
232075,9.1775956284153,9.113897923915816,59
234017,8.912328767123288,9.113897923915816,90
234018,8.482191780821918,8.612022409493305,51
234019,8.93972602739726,9.113897923915816,96
234020,8.983561643835616,9.113897923915816,60
234021,8.465753424657533,8.612022409493305,62
234037,9.745205479452055,9.69465982770401,135
234038,9.468493150684932,9.69465982770401,82
234039,10.030054644808743,9.69465982770401,61
234040,10.183060109289617,10.37886228584443,77
234041,11.101092896174864,11.024619867393564,76
234042,10.484931506849316,10.37886228584443,55
234043,11.452054794520548,11.689430024621958,101
234044,11.526027397260274,11.689430024621958,77
234047,12.542465753424658,12.409892048232685,89
234048,9.043715846994536,9.113897923915816,94
234049,8.824657534246576,8.612022409493305,56
234050,10.556164383561644,10.37886228584443,83
234051,11.490410958904109,11.689430024621958,98
235009,13.564383561643835,13.851552941438793,100
235010,11.216438356164383,11.024619867393564,55
235022,15.838356164383562,15.693530276797809,88
236001,6.901369863013699,6.96408127121249,42
236003,6.934246575342466,6.96408127121249,35
236005,7.605479452054794,8.016325347898842,49
236007,8.632876712328766,8.612022409493305,86
236008,8.923287671232877,9.113897923915816,67
236010,8.882191780821918,9.113897923915816,58
236011,10.638356164383561,10.37886228584443,66
236012,10.438356164383562,10.37886228584443,94
236013,10.1448087431694,10.37886228584443,91
236016,11.372602739726027,11.024619867393564,105
236019,11.745205479452055,11.689430024621958,77
236022,12.986301369863014,13.102321966384922,70
236023,13.986301369863014,13.851552941438793,83
236026,15.536986301369863,15.693530276797809,138
236027,14.827397260273973,14.82702781017509,108
236029,13.002732240437158,13.102321966384922,130
236031,17.90958904109589,17.97197012771691,123
236041,9.827397260273973,9.69465982770401,95
236043,15.158469945355192,14.82702781017509,121
236044,8.2986301369863,8.016325347898842,83
236045,7.515068493150685,6.96408127121249,56
236047,6.956164383561644,6.96408127121249,56
236048,6.852054794520548,6.96408127121249,59
239001,18.52054794520548,17.97197012771691,146
239005,17.443835616438356,17.97197012771691,130
239007,15.073770491803279,14.82702781017509,126
239011,18.5972602739726,17.97197012771691,120
239012,17.375342465753423,17.97197012771691,115
239013,17.375342465753423,17.97197012771691,148
239016,13.495890410958904,13.851552941438793,102
239017,18.383561643835616,17.97197012771691,100
239019,9.865753424657534,9.69465982770401,61
239020,16.53150684931507,16.688862781251355,111
239021,7.185792349726776,6.96408127121249,41
239022,8.120218579234972,8.016325347898842,66
240004,11.07103825136612,11.024619867393564,80
240005,12.715068493150685,13.102321966384922,86
240006,9.237704918032787,9.113897923915816,78
240007,10.008196721311476,9.69465982770401,65
240008,6.8493150684931505,6.96408127121249,55
240009,8.383561643835616,8.612022409493305,44
240011,8.33972602739726,8.016325347898842,47
240013,14.772602739726027,14.82702781017509,100
240014,10.923287671232877,11.024619867393564,81
240015,12.684931506849315,12.409892048232685,80
240016,18.23224043715847,17.97197012771691,137
240025,7.1530054644808745,6.96408127121249,53
240026,8.415300546448087,8.612022409493305,44
240027,9.101092896174864,9.113897923915816,80
240028,7.631147540983607,8.016325347898842,72
240029,8.180327868852459,8.016325347898842,80
240030,8.191256830601093,8.016325347898842,83
240031,8.131147540983607,8.016325347898842,76
240032,7.806010928961749,8.016325347898842,65
240034,7.683060109289618,8.016325347898842,58
240035,8.37431693989071,8.612022409493305,54
241003,8.778082191780822,8.612022409493305,76
241008,9.243835616438357,9.113897923915816,49
241009,10.953424657534246,11.024619867393564,77
241012,10.312328767123288,10.37886228584443,78
241014,9.704109589041096,9.69465982770401,66
241015,13.008196721311476,13.102321966384922,104
241016,8.484931506849316,8.612022409493305,69
241017,10.246575342465754,10.37886228584443,87
241020,9.791780821917808,9.69465982770401,70
241022,9.745205479452055,9.69465982770401,79
241024,8.528767123287672,8.612022409493305,46
241028,8.35068493150685,8.016325347898842,82
243004,14.26027397260274,13.851552941438793,85
243005,10.079234972677595,10.37886228584443,38
243007,12.953424657534246,13.102321966384922,80
243008,11.419178082191781,11.689430024621958,87
243009,18.684931506849313,17.97197012771691,168
243010,11.70958904109589,11.689430024621958,53
243011,16.038251366120218,15.693530276797809,128
243012,14.893150684931507,14.82702781017509,83
243013,15.416438356164383,15.693530276797809,102
243014,12.391780821917807,12.409892048232685,108
243017,18.926027397260274,17.97197012771691,87
243019,16.953424657534246,16.688862781251355,133
243023,11.300546448087431,11.024619867393564,96
243024,10.426229508196721,10.37886228584443,73
243025,16.44109589041096,16.688862781251355,103
243027,15.468493150684932,15.693530276797809,145
243028,15.934246575342465,15.693530276797809,138
243029,8.049180327868852,8.016325347898842,33
243030,8.043715846994536,8.016325347898842,33
243031,17.565573770491802,17.97197012771691,86
243032,8.72054794520548,8.612022409493305,54
243033,13.824657534246576,13.851552941438793,92
244005,7.065573770491803,6.96408127121249,26
244006,6.808219178082192,6.96408127121249,5
244016,9.191256830601093,9.113897923915816,78
244018,10.084699453551913,10.37886228584443,84
244024,11.449315068493151,11.689430024621958,40
244028,12.860273972602739,13.102321966384922,75
244034,13.131147540983607,13.102321966384922,70
244035,13.166666666666666,13.102321966384922,76
244036,13.495890410958904,13.851552941438793,47
244037,13.58904109589041,13.851552941438793,51
244038,12.63013698630137,12.409892048232685,49
244040,12.575342465753424,12.409892048232685,29
244041,13.295890410958904,13.102321966384922,41
244042,13.616438356164384,13.851552941438793,48
244043,13.558904109589042,13.851552941438793,38
244045,13.468493150684932,13.851552941438793,22
244046,13.128415300546449,13.102321966384922,52
246001,10.791780821917808,11.024619867393564,90
246002,12.627397260273973,12.409892048232685,115
246003,12.583561643835617,12.409892048232685,151
246004,14.791780821917808,14.82702781017509,129
246005,16.323287671232876,16.688862781251355,135
246006,12.12295081967213,12.409892048232685,100
246007,9.904109589041095,9.69465982770401,86
246008,7.978082191780822,8.016325347898842,53
246009,8.827397260273973,8.612022409493305,84
246010,15.657534246575342,15.693530276797809,51
246011,13.262295081967213,13.102321966384922,42
246012,6.158469945355192,6.96408127121249,14
246013,9.024590163934427,9.113897923915816,86
246015,14.05464480874317,13.851552941438793,134
246018,13.439890710382514,13.102321966384922,66
246019,12.521857923497269,12.409892048232685,63
246020,13.756164383561643,13.851552941438793,117
246021,8.758904109589041,8.612022409493305,78
248001,7.534246575342466,6.96408127121249,16
248004,7.4082191780821915,6.96408127121249,37
248005,8.079234972677595,8.016325347898842,60
248006,9.884931506849314,9.69465982770401,80
248007,9.030054644808743,9.113897923915816,67
248008,7.682191780821918,8.016325347898842,34
248012,10.843835616438357,11.024619867393564,65
248013,13.087431693989071,13.102321966384922,79
248014,12.978082191780821,13.102321966384922,95
248016,18.397260273972602,17.97197012771691,138
248017,17.383561643835616,17.97197012771691,97
248023,14.591780821917808,14.82702781017509,114
248024,17.25409836065574,16.688862781251355,110
248025,12.564383561643835,12.409892048232685,112
248030,15.476712328767123,15.693530276797809,126
248031,17.008196721311474,16.688862781251355,150
248033,15.292349726775956,15.693530276797809,121
248034,13.26775956284153,13.102321966384922,79
248035,15.311475409836065,15.693530276797809,80
248036,8.726027397260275,8.612022409493305,44
248037,17.31967213114754,17.97197012771691,140
248039,14.978082191780821,14.82702781017509,120
248040,11.379781420765028,11.689430024621958,73
248041,11.03551912568306,11.024619867393564,100
248042,12.188524590163935,12.409892048232685,111
248043,8.352459016393443,8.016325347898842,60
248045,10.319672131147541,10.37886228584443,69
248046,8.71311475409836,8.612022409493305,61
248047,14.153005464480874,13.851552941438793,114
248048,16.450819672131146,16.688862781251355,96
248049,11.762295081967213,11.689430024621958,99
248050,15.01095890410959,14.82702781017509,100
248051,16.950819672131146,16.688862781251355,118
248053,12.109289617486338,12.409892048232685,47
249006,11.33972602739726,11.024619867393564,65
249014,10.128415300546449,10.37886228584443,64
249015,15.002739726027396,14.82702781017509,100
249017,14.852459016393443,14.82702781017509,84
249018,11.528767123287672,11.689430024621958,122
249019,7.16986301369863,6.96408127121249,47
249021,6.956284153005464,6.96408127121249,22
249023,13.312328767123288,13.102321966384922,84
249024,9.147945205479452,9.113897923915816,22
251002,14.389041095890411,14.82702781017509,90
251006,8.608219178082193,8.612022409493305,69
252001,9.12295081967213,9.113897923915816,49
252002,11.043715846994536,11.024619867393564,55
252010,10.367123287671232,10.37886228584443,80
252019,16.367123287671234,16.688862781251355,168
253001,7.986301369863014,8.016325347898842,44
253002,6.315068493150685,6.96408127121249,31
253003,12.397260273972602,12.409892048232685,75
253004,9.786301369863013,9.69465982770401,75
253005,9.38082191780822,9.69465982770401,70
253006,7.306849315068493,6.96408127121249,47
253008,6.989041095890411,6.96408127121249,48
253009,7.199453551912568,6.96408127121249,70
253010,12.69041095890411,12.409892048232685,67
253011,12.90958904109589,13.102321966384922,90
253012,10.805479452054794,11.024619867393564,120
253013,11.490410958904109,11.689430024621958,73
253014,16.19945355191257,16.688862781251355,109
253015,10.23224043715847,10.37886228584443,98
253016,8.12568306010929,8.016325347898842,49
253017,6.394520547945206,6.96408127121249,38
253018,13.26775956284153,13.102321966384922,108
253019,13.819178082191781,13.851552941438793,117
253020,12.256830601092895,12.409892048232685,119
253021,8.402739726027397,8.612022409493305,50
253022,13.745205479452055,13.851552941438793,83
253023,8.021857923497267,8.016325347898842,66
253024,12.240437158469945,12.409892048232685,72
253025,15.394520547945206,15.693530276797809,122
253026,8.098360655737705,8.016325347898842,50
253027,11.695890410958905,11.689430024621958,81
253028,10.794520547945206,11.024619867393564,49
253029,9.87945205479452,9.69465982770401,65
253030,13.221311475409836,13.102321966384922,83
253031,8.846575342465753,8.612022409493305,67
253033,7.465753424657534,6.96408127121249,47
253034,9.027322404371585,9.113897923915816,64
253035,13.756164383561643,13.851552941438793,101
253036,7.468493150684932,6.96408127121249,46
253037,11.728767123287671,11.689430024621958,95
253038,12.16120218579235,12.409892048232685,94
253039,7.027322404371585,6.96408127121249,35
253040,8.43013698630137,8.612022409493305,58
253041,7.567123287671233,6.96408127121249,46
253042,15.21584699453552,14.82702781017509,106
253043,12.245901639344263,12.409892048232685,59
253044,8.978082191780821,9.113897923915816,43
253045,16.805479452054794,16.688862781251355,76
253046,11.28415300546448,11.024619867393564,73
253047,8.256830601092895,8.016325347898842,72
253048,13.234972677595628,13.102321966384922,95
253049,14.936986301369863,14.82702781017509,93
253050,7.054644808743169,6.96408127121249,32
254001,7.306849315068493,6.96408127121249,93
254002,7.602739726027397,8.016325347898842,21
254003,7.728767123287671,8.016325347898842,70
254004,7.758904109589041,8.016325347898842,52
254005,6.975342465753425,6.96408127121249,43
254008,8.237704918032787,8.016325347898842,49
254009,8.12568306010929,8.016325347898842,83
254011,9.747945205479452,9.69465982770401,50
254013,8.832876712328767,8.612022409493305,65
254017,10.336986301369864,10.37886228584443,102
254019,11.062841530054644,11.024619867393564,78
254020,10.863013698630137,11.024619867393564,80
254021,11.128415300546449,11.024619867393564,123
254023,17.43013698630137,17.97197012771691,78
254024,13.646575342465754,13.851552941438793,59
254025,14.153005464480874,13.851552941438793,87
255001,10.467213114754099,10.37886228584443,92
255003,8,8.016325347898842,60
255004,11.221917808219178,11.024619867393564,94
255005,15.942465753424658,15.693530276797809,94
255006,12.608219178082193,12.409892048232685,107
255007,15.457534246575342,15.693530276797809,98
255010,11.69041095890411,11.689430024621958,96
255012,8.482191780821918,8.612022409493305,76
255013,11.040983606557377,11.024619867393564,98
255014,8.432876712328767,8.612022409493305,88
256002,9.789041095890411,9.69465982770401,70
256003,14.997260273972604,14.82702781017509,110
256005,13.621917808219179,13.851552941438793,87
256006,7.772602739726027,8.016325347898842,42
256007,11.501369863013698,11.689430024621958,113
256008,14.72054794520548,14.82702781017509,114
256009,8.1775956284153,8.016325347898842,70
256011,9.346994535519126,9.113897923915816,55
256013,17.90684931506849,17.97197012771691,122
256015,14.372602739726027,14.82702781017509,109
256017,14.273224043715848,13.851552941438793,116
256020,16.193989071038253,16.688862781251355,125
256021,12.465753424657533,12.409892048232685,81
256022,13.936986301369863,13.851552941438793,70
256023,14.180327868852459,13.851552941438793,101
256024,16.8,16.688862781251355,122
256025,12.245901639344263,12.409892048232685,130
256026,8.476712328767123,8.612022409493305,84
256027,9.493150684931507,9.69465982770401,84
256028,10.076502732240437,10.37886228584443,90
256029,11.871232876712329,11.689430024621958,81
256031,18.427397260273974,17.97197012771691,129
256032,14.487671232876712,14.82702781017509,155
256033,10.854794520547944,11.024619867393564,84
256035,10.443835616438356,10.37886228584443,74
256037,8.443835616438356,8.612022409493305,91
256038,16.843835616438355,16.688862781251355,74
256039,11.515068493150684,11.689430024621958,76
256040,9.297814207650273,9.113897923915816,70
256041,12.841095890410958,13.102321966384922,105
256042,15.98904109589041,15.693530276797809,200
256043,18.193989071038253,17.97197012771691,135
256044,12.668493150684931,12.409892048232685,198
256045,7.073770491803279,6.96408127121249,56
256048,13.273224043715848,13.102321966384922,135
256050,10.46448087431694,10.37886228584443,60
257023,9.21584699453552,9.113897923915816,67
257024,9.564383561643835,9.69465982770401,78
257025,8.92054794520548,9.113897923915816,52
257032,9.561643835616438,9.69465982770401,51
258007,17.764383561643836,17.97197012771691,121
258019,17.12295081967213,16.688862781251355,117
258032,8.325136612021858,8.016325347898842,51
258033,11.062841530054644,11.024619867393564,130
259010,6.901369863013699,6.96408127121249,60
259015,9.076502732240437,9.113897923915816,57
259016,15.558904109589042,15.693530276797809,91
259017,11.262295081967213,11.024619867393564,57
259018,9.095628415300546,9.113897923915816,43
259019,8.857534246575343,8.612022409493305,55
259020,8.857534246575343,8.612022409493305,62
259021,16.24863387978142,16.688862781251355,114
259022,17.306010928961747,16.688862781251355,108
259024,18.715068493150685,17.97197012771691,150
259025,9.643835616438356,9.69465982770401,79
259030,9.128415300546449,9.113897923915816,68
259032,13.265027322404372,13.102321966384922,84
259033,6.325136612021858,6.96408127121249,39
259036,6.723287671232876,6.96408127121249,68
259037,7.2896174863387975,6.96408127121249,18
259038,11.632876712328766,11.689430024621958,65
259039,10.775342465753425,11.024619867393564,71
259040,13.810958904109588,13.851552941438793,94
259041,13.03825136612022,13.102321966384922,127
259042,9.580821917808219,9.69465982770401,89
259043,14.783561643835617,14.82702781017509,80
259044,9.761643835616438,9.69465982770401,60
259046,9.229508196721312,9.113897923915816,56
259047,7.14207650273224,6.96408127121249,36
259048,11.531506849315068,11.689430024621958,68
259049,6.67945205479452,6.96408127121249,44
259050,6.281420765027322,6.96408127121249,17
260001,11.473972602739726,11.689430024621958,77
260002,8.010928961748634,8.016325347898842,56
260003,9.70958904109589,9.69465982770401,52
260005,7.092896174863388,6.96408127121249,28
260007,7.934246575342466,8.016325347898842,32
260009,9.427397260273972,9.69465982770401,57
260016,8.013661202185792,8.016325347898842,60
260017,7.980821917808219,8.016325347898842,70
261001,9.728767123287671,9.69465982770401,54
261002,8.775342465753425,8.612022409493305,76
261004,18.21311475409836,17.97197012771691,93
261006,8.67123287671233,8.612022409493305,81
261007,8.761643835616438,8.612022409493305,42
261008,8.013661202185792,8.016325347898842,66
261009,8.501369863013698,8.612022409493305,48
261010,8.816438356164383,8.612022409493305,52
261011,13.849315068493151,13.851552941438793,92
261012,12.778082191780822,13.102321966384922,49
261013,10.786301369863013,11.024619867393564,82
261014,14.150273224043715,13.851552941438793,92
261015,18.19125683060109,17.97197012771691,87
261017,8.756164383561643,8.612022409493305,34
261018,16.613698630136987,16.688862781251355,78
261019,12.6,12.409892048232685,112
261020,15.838356164383562,15.693530276797809,107
261021,17.58082191780822,17.97197012771691,140
261022,11.05464480874317,11.024619867393564,97
261023,11.726027397260275,11.689430024621958,81
261024,11.43013698630137,11.689430024621958,60
261025,11.43013698630137,11.689430024621958,71
261026,14.391780821917807,14.82702781017509,82
261027,6.69041095890411,6.96408127121249,24
261028,9.09016393442623,9.113897923915816,64
261029,15.12295081967213,14.82702781017509,100
261030,11.824657534246576,11.689430024621958,97
261033,12.479452054794521,12.409892048232685,69
261035,16.389041095890413,16.688862781251355,85
261036,11.103825136612022,11.024619867393564,90
261037,9.073770491803279,9.113897923915816,42
261039,11.70958904109589,11.689430024621958,68
261040,13.726027397260275,13.851552941438793,106
261041,15.816438356164383,15.693530276797809,110
261042,11.1448087431694,11.024619867393564,54
261043,17.73972602739726,17.97197012771691,93
261044,12.180327868852459,12.409892048232685,100
261045,11.6,11.689430024621958,64
261046,6.635616438356164,6.96408127121249,20
261047,13.16120218579235,13.102321966384922,105
261048,12.040983606557377,11.689430024621958,85
261049,12.556164383561644,12.409892048232685,48
262004,6.040983606557377,6.96408127121249,5
262008,6.550684931506849,6.96408127121249,32
262009,7.66027397260274,8.016325347898842,54
262010,9.693150684931506,9.69465982770401,98
262011,11.753424657534246,11.689430024621958,107
262012,13.191256830601093,13.102321966384922,118
262013,12.019125683060109,11.689430024621958,66
262014,6.652054794520548,6.96408127121249,55
262015,9.934246575342465,9.69465982770401,63
262016,8.35890410958904,8.612022409493305,40
262021,14.087431693989071,13.851552941438793,78
262022,12.394520547945206,12.409892048232685,100
262024,9.405479452054795,9.69465982770401,77
262025,11.226775956284152,11.024619867393564,73
262035,9.191256830601093,9.113897923915816,81
262036,10.26775956284153,10.37886228584443,120
262042,8.997260273972604,9.113897923915816,39
262046,13.682191780821917,13.851552941438793,56
262048,8.608219178082193,8.612022409493305,48
262052,9.854794520547944,9.69465982770401,87
262059,9.169398907103826,9.113897923915816,75
262064,10.16120218579235,10.37886228584443,92
262070,13.133879781420765,13.102321966384922,91
262072,8.112021857923498,8.016325347898842,61
262073,8.882191780821918,9.113897923915816,77
262074,9.780821917808218,9.69465982770401,73
263001,15.237704918032787,14.82702781017509,131
263002,17.586301369863016,17.97197012771691,133
263003,17.09016393442623,16.688862781251355,99
263004,17.150273224043715,16.688862781251355,50
263005,17.188524590163933,16.688862781251355,66
263006,16.838356164383562,16.688862781251355,159
263007,16.673972602739727,16.688862781251355,70
264002,18.19672131147541,17.97197012771691,63
264003,15.810958904109588,15.693530276797809,118
264007,14.904109589041095,14.82702781017509,73
264012,7.8,8.016325347898842,41
264027,12.495890410958904,12.409892048232685,105
264037,14.03825136612022,13.851552941438793,82
264045,16.60821917808219,16.688862781251355,140
264048,13.517808219178082,13.851552941438793,74
265001,12.624657534246575,12.409892048232685,73
265002,12.386301369863014,12.409892048232685,80
265003,12.616438356164384,12.409892048232685,68
265004,13.704109589041096,13.851552941438793,70
265005,11.917808219178083,11.689430024621958,69
265006,11.926027397260274,11.689430024621958,119
265007,12.904109589041095,13.102321966384922,98
265008,12.912328767123288,13.102321966384922,112
265009,11.4,11.689430024621958,90
265010,11.887671232876713,11.689430024621958,87
265011,14.745205479452055,14.82702781017509,93
265012,7.802739726027397,8.016325347898842,74
265013,12.673972602739726,12.409892048232685,125
265014,9.013661202185792,9.113897923915816,71
265015,7.389041095890411,6.96408127121249,37
265016,8.468493150684932,8.612022409493305,38
265017,14.36986301369863,13.851552941438793,50
265018,11.42896174863388,11.689430024621958,109
265019,6.487671232876712,6.96408127121249,55
265020,10.93972602739726,11.024619867393564,59
265021,16.079234972677597,15.693530276797809,146
266003,8.421917808219177,8.612022409493305,68
266004,7.501369863013698,6.96408127121249,74
266005,9.33972602739726,9.113897923915816,83
266006,15.495890410958904,15.693530276797809,73
266008,17.942465753424656,17.97197012771691,138
266009,12.427397260273972,12.409892048232685,117
266010,16.145205479452056,15.693530276797809,116
266011,16.304109589041097,16.688862781251355,78
266012,15.424657534246576,15.693530276797809,126
266013,8.397260273972602,8.612022409493305,68
266014,16.975342465753425,16.688862781251355,154
266015,7.734246575342466,8.016325347898842,52
266016,8.550684931506849,8.612022409493305,65
266017,7.8054794520547945,8.016325347898842,45
266019,8.819178082191781,8.612022409493305,58
267001,15.863013698630137,15.693530276797809,111
267002,15.789041095890411,15.693530276797809,91
267003,11.169398907103826,11.024619867393564,73
267004,12.174863387978142,12.409892048232685,48
267005,14.632876712328766,14.82702781017509,119
267006,14.69041095890411,14.82702781017509,115
267007,14.512328767123288,14.82702781017509,107
267008,11.972602739726028,11.689430024621958,65
267009,12.745205479452055,13.102321966384922,80
267010,15.396174863387978,15.693530276797809,111
267011,15.281420765027322,14.82702781017509,84
267012,16.26775956284153,16.688862781251355,67
267014,14.95068493150685,14.82702781017509,138
267016,14.621917808219179,14.82702781017509,72
267017,17.281420765027324,16.688862781251355,115
267018,13.426229508196721,13.102321966384922,97
267019,15.300546448087431,15.693530276797809,96
267020,12.956164383561644,13.102321966384922,81
267021,14.05464480874317,13.851552941438793,105
267022,16.09016393442623,15.693530276797809,78
267023,15.03825136612022,14.82702781017509,115
267024,11.78415300546448,11.689430024621958,68
268006,6.934246575342466,6.96408127121249,66
268007,12.652054794520549,12.409892048232685,75
268008,16.747945205479454,16.688862781251355,126
269002,11.753424657534246,11.689430024621958,100
269003,14.16120218579235,13.851552941438793,134
269004,16.215846994535518,16.688862781251355,97
269005,13.610958904109589,13.851552941438793,93
269007,17.016393442622952,16.688862781251355,170
269008,11.482191780821918,11.689430024621958,99
269009,12.904109589041095,13.102321966384922,97
271001,7.6219178082191785,8.016325347898842,44
271002,12.523287671232877,12.409892048232685,72
271003,12.147540983606557,12.409892048232685,98
271004,12.58904109589041,12.409892048232685,89
271005,11.92876712328767,11.689430024621958,69
271006,13.040983606557377,13.102321966384922,102
271007,14.013661202185792,13.851552941438793,85
271008,14.67945205479452,14.82702781017509,105
271009,15.21311475409836,14.82702781017509,58
271010,17.923287671232877,17.97197012771691,127
271011,13.534246575342467,13.851552941438793,111
271015,13.676712328767124,13.851552941438793,137
301001,8.180327868852459,8.016325347898842,39
302009,9.166666666666666,9.113897923915816,55
302010,8.10655737704918,8.016325347898842,53
302012,9.19672131147541,9.113897923915816,80
302015,10.133879781420765,10.37886228584443,55
302016,11.103825136612022,11.024619867393564,70
302017,10.273224043715848,10.37886228584443,75
302019,11.330601092896174,11.024619867393564,66
302022,11.830136986301369,11.689430024621958,128
302023,11.830136986301369,11.689430024621958,117
302024,11.37431693989071,11.689430024621958,60
302025,12.281420765027322,12.409892048232685,87
302026,12.64931506849315,12.409892048232685,71
302028,14.270491803278688,13.851552941438793,100
302029,16.473972602739725,16.688862781251355,75
302031,14.956164383561644,14.82702781017509,199
302033,16.459016393442624,16.688862781251355,118
305001,8.032786885245901,8.016325347898842,100
305002,16.128415300546447,15.693530276797809,108
305003,10.353424657534246,10.37886228584443,85
305004,8.597260273972603,8.612022409493305,60
305006,10.789041095890411,11.024619867393564,84
305007,15.917808219178083,15.693530276797809,106
305008,13.857534246575343,13.851552941438793,81
305009,11.479452054794521,11.689430024621958,33
305010,11.523287671232877,11.689430024621958,54
305012,9.254098360655737,9.113897923915816,66
305013,8.1775956284153,8.016325347898842,47
305016,16.26775956284153,16.688862781251355,123
305017,12.259562841530055,12.409892048232685,67
305018,9.832876712328767,9.69465982770401,80
305021,15.676712328767124,15.693530276797809,145
305023,9.605479452054794,9.69465982770401,97
305024,15.095628415300546,14.82702781017509,123
305025,10.308743169398907,10.37886228584443,91
305027,9.53972602739726,9.69465982770401,67
305028,12.484931506849316,12.409892048232685,91
305029,12.484931506849316,12.409892048232685,85
307001,7.863013698630137,8.016325347898842,69
307002,7.229508196721311,6.96408127121249,32
307003,7.1256830601092895,6.96408127121249,20
307004,6.96986301369863,6.96408127121249,29
307005,11.657534246575342,11.689430024621958,50
307006,11.120218579234972,11.024619867393564,56
307007,12.193989071038251,12.409892048232685,110
307008,9.437158469945356,9.69465982770401,83
307009,12.39344262295082,12.409892048232685,79
307010,12.64109589041096,12.409892048232685,111
307011,12.789041095890411,13.102321966384922,80
307012,13.90958904109589,13.851552941438793,96
307013,13.44535519125683,13.102321966384922,132
307014,13.610958904109589,13.851552941438793,99
307015,9.578082191780823,9.69465982770401,47
307016,16.183060109289617,16.688862781251355,102
307017,12.581967213114755,12.409892048232685,77
309001,10.390710382513662,10.37886228584443,101
309003,15.10655737704918,14.82702781017509,120
309005,11.136612021857923,11.024619867393564,65
309006,12.786301369863013,13.102321966384922,92
309007,13.42896174863388,13.102321966384922,97
309009,11.572602739726028,11.689430024621958,100
309010,11.797260273972602,11.689430024621958,50
309011,17.226775956284154,16.688862781251355,94
309012,16.731506849315068,16.688862781251355,111
309013,13.673972602739726,13.851552941438793,98
309017,10.448087431693988,10.37886228584443,130
309018,16.10928961748634,15.693530276797809,84
309019,13.275956284153006,13.102321966384922,62
309020,9.33879781420765,9.113897923915816,70
309022,16.572602739726026,16.688862781251355,135
309023,16.536986301369865,16.688862781251355,83
309024,9.578082191780823,9.69465982770401,91
309025,9.21584699453552,9.113897923915816,59
309027,7.838356164383562,8.016325347898842,50
309028,17.439890710382514,17.97197012771691,105
309030,14.226775956284152,13.851552941438793,88
309031,12.934246575342465,13.102321966384922,88
309032,11.153005464480874,11.024619867393564,98
309034,8.3551912568306,8.612022409493305,86
309037,17.572602739726026,17.97197012771691,150
309038,16.504109589041096,16.688862781251355,126
309040,14.758904109589041,14.82702781017509,110
309041,11,11.024619867393564,128
309042,11.39344262295082,11.689430024621958,50
309044,10.112021857923498,10.37886228584443,88
309045,11.379781420765028,11.689430024621958,57
309046,13.797260273972602,13.851552941438793,97
309047,15.528767123287672,15.693530276797809,117
309048,15.673972602739726,15.693530276797809,125
309049,14.695890410958905,14.82702781017509,119
310001,8.478142076502731,8.612022409493305,53
310002,8.556164383561644,8.612022409493305,49
310003,8.972602739726028,9.113897923915816,59
310004,8.48360655737705,8.612022409493305,93
310006,8.643835616438356,8.612022409493305,91
313002,9.248633879781421,9.113897923915816,24
313004,9.147540983606557,9.113897923915816,76
313005,17.543715846994537,17.97197012771691,80
313006,11.95068493150685,11.689430024621958,77
313008,9.633879781420765,9.69465982770401,72
313009,13.510928961748634,13.851552941438793,94
313010,16.183060109289617,16.688862781251355,81
313011,10.540983606557377,10.37886228584443,73
313012,15.57103825136612,15.693530276797809,95
313013,8.904109589041095,9.113897923915816,43
313014,12.887671232876713,13.102321966384922,75
313015,14.396174863387978,14.82702781017509,112
313016,13.314207650273223,13.102321966384922,101
313017,10.456284153005464,10.37886228584443,53
313026,15.521857923497269,15.693530276797809,124
314003,11.379781420765028,11.689430024621958,82
314005,13.366120218579235,13.102321966384922,60
314006,13.349726775956285,13.102321966384922,64
314011,11.065573770491802,11.024619867393564,72
314013,12.71584699453552,13.102321966384922,72
314015,12.084699453551913,12.409892048232685,78
315007,10.740437158469945,10.37886228584443,103
316002,9.6775956284153,9.69465982770401,114
316005,11.109289617486338,11.024619867393564,104
316006,13.854794520547944,13.851552941438793,100
316007,15.42896174863388,15.693530276797809,111
316010,15.158469945355192,14.82702781017509,102
316011,9.876712328767123,9.69465982770401,60
316012,16.75136612021858,16.688862781251355,120
316013,13.193989071038251,13.102321966384922,87
316014,12.78415300546448,13.102321966384922,55
317001,15.079234972677595,14.82702781017509,111
317002,9.259562841530055,9.113897923915816,72
317003,10.93972602739726,11.024619867393564,92
317004,12.647540983606557,12.409892048232685,64
317006,9.871232876712329,9.69465982770401,52
317007,8.551912568306012,8.612022409493305,24
317009,8.816939890710383,8.612022409493305,50
317010,12.628415300546449,12.409892048232685,114
317013,16.628415300546447,16.688862781251355,122
317014,13.319672131147541,13.102321966384922,88
317015,9.789617486338798,9.69465982770401,66
318002,10.636612021857923,10.37886228584443,72
318003,13.753424657534246,13.851552941438793,78
318004,12.876712328767123,13.102321966384922,107
318008,16.027322404371585,15.693530276797809,85
318009,9.647540983606557,9.69465982770401,61
318014,8.967123287671233,9.113897923915816,88
318016,12.390710382513662,12.409892048232685,70
319002,8.341530054644808,8.016325347898842,48
319003,8.475409836065573,8.612022409493305,80
319004,9.46174863387978,9.69465982770401,78
319005,9.469945355191257,9.69465982770401,52
319006,11.128415300546449,11.024619867393564,55
319007,14.469945355191257,14.82702781017509,55
319008,16.724043715846996,16.688862781251355,44
319010,11.420765027322405,11.689430024621958,131
321001,9.049180327868852,9.113897923915816,69
321002,14.53825136612022,14.82702781017509,118
321003,15.786301369863013,15.693530276797809,70
321004,16.991780821917807,16.688862781251355,157
321005,9.843835616438357,9.69465982770401,69
321006,14.852054794520548,14.82702781017509,138
321007,8.655737704918034,8.612022409493305,71
321008,10.117486338797814,10.37886228584443,90
321009,9.472677595628415,9.69465982770401,93
321010,15.23224043715847,14.82702781017509,114
321011,13.349726775956285,13.102321966384922,108
321013,15.218579234972678,14.82702781017509,134
321014,16.475409836065573,16.688862781251355,105
321015,8.21311475409836,8.016325347898842,72
323001,9.387978142076502,9.69465982770401,54
323002,10.961643835616439,11.024619867393564,46
323004,10.639344262295083,10.37886228584443,72
323007,12.327868852459016,12.409892048232685,73
323008,9.666666666666666,9.69465982770401,62
323013,10.598360655737705,10.37886228584443,80
323014,11.185792349726777,11.024619867393564,100
323015,12.142076502732241,12.409892048232685,70
323016,10.609289617486338,10.37886228584443,79
325002,12.527322404371585,12.409892048232685,65
325004,8.631147540983607,8.612022409493305,89
325009,8.773224043715848,8.612022409493305,30
325011,8.937158469945356,9.113897923915816,66
325013,12,11.689430024621958,89
325014,11.390710382513662,11.689430024621958,79
325015,8.672131147540984,8.612022409493305,87
325016,9.956164383561644,9.69465982770401,69
325018,11.546448087431694,11.689430024621958,32
326001,11.59016393442623,11.689430024621958,21
326002,10.065573770491802,10.37886228584443,33
326003,8.53551912568306,8.612022409493305,11
326004,8.775956284153006,8.612022409493305,13
326005,13.530054644808743,13.851552941438793,52
326008,10.357923497267759,10.37886228584443,42
326011,8.103825136612022,8.016325347898842,7
326021,7.426229508196721,6.96408127121249,9
326028,7.806010928961749,8.016325347898842,32
326031,6.9289617486338795,6.96408127121249,10
327001,10.841095890410958,11.024619867393564,87
327002,13.89041095890411,13.851552941438793,67
327008,8.44535519125683,8.612022409493305,83
327009,12.527322404371585,12.409892048232685,65
327010,9.150273224043715,9.113897923915816,57
327011,11.341530054644808,11.024619867393564,40
327012,10.30327868852459,10.37886228584443,74
327014,9.28688524590164,9.113897923915816,113
327015,9.057377049180328,9.113897923915816,39
327016,8.5,8.612022409493305,68
327017,8.579234972677595,8.612022409493305,74
327018,9.349726775956285,9.113897923915816,28
327019,9.333333333333334,9.113897923915816,61
327020,8.59016393442623,8.612022409493305,62
327021,9.087431693989071,9.113897923915816,62
327022,9.191256830601093,9.113897923915816,32
327023,9.062841530054644,9.113897923915816,54
327026,10.96986301369863,11.024619867393564,98
327027,7.489071038251366,6.96408127121249,49
327028,8.434426229508198,8.612022409493305,29
327030,13.560109289617486,13.851552941438793,100
327031,11.224043715846994,11.024619867393564,75
327032,17.866120218579233,17.97197012771691,105
327034,8.240437158469945,8.016325347898842,60
327036,12.59016393442623,12.409892048232685,90
327037,14.275956284153006,13.851552941438793,147
327039,12.002732240437158,11.689430024621958,91
327040,16.221311475409838,16.688862781251355,131
327042,18.169398907103826,17.97197012771691,145
327043,14.770491803278688,14.82702781017509,116
327044,10.459016393442623,10.37886228584443,100
327045,10.497267759562842,10.37886228584443,75
327046,10.497267759562842,10.37886228584443,75
327047,8.98904109589041,9.113897923915816,45
327048,11.60655737704918,11.689430024621958,90
327049,15.942622950819672,15.693530276797809,107
327050,7.193989071038251,6.96408127121249,44
328010,12.53825136612022,12.409892048232685,70
328011,8.8224043715847,8.612022409493305,56
328012,8.412568306010929,8.612022409493305,95
329002,12.368852459016393,12.409892048232685,43
329003,12.683060109289617,12.409892048232685,100
329004,10.674863387978142,10.37886228584443,77
329006,16.057377049180328,15.693530276797809,85
329007,12.019125683060109,11.689430024621958,67
329008,14.371584699453551,14.82702781017509,67
329014,12.03551912568306,11.689430024621958,81
329017,12.631147540983607,12.409892048232685,72
329018,13.169398907103826,13.102321966384922,120
330001,12.734972677595628,13.102321966384922,86
330002,13.207650273224044,13.102321966384922,74
330003,9.991803278688524,9.69465982770401,64
330004,11.174863387978142,11.024619867393564,74
330006,11.005479452054795,11.024619867393564,51
330007,14.379781420765028,14.82702781017509,101
330008,9.379781420765028,9.69465982770401,69
330009,11.382513661202186,11.689430024621958,105
330010,8.032786885245901,8.016325347898842,88
330011,17.12568306010929,16.688862781251355,105
330012,10.28688524590164,10.37886228584443,76
330013,15.469945355191257,15.693530276797809,117
330014,15.491803278688524,15.693530276797809,87
331002,6.715846994535519,6.96408127121249,12
331003,8.319672131147541,8.016325347898842,24
331004,7.986301369863014,8.016325347898842,53
331005,9.166666666666666,9.113897923915816,90
331007,10.12295081967213,10.37886228584443,76
331008,9.89041095890411,9.69465982770401,67
331009,10.614754098360656,10.37886228584443,80
331011,12.281420765027322,12.409892048232685,63
331012,12.832876712328767,13.102321966384922,92
331013,13.371584699453551,13.102321966384922,118
331014,14.581967213114755,14.82702781017509,86
331015,15.062841530054644,14.82702781017509,90
331016,16.876712328767123,16.688862781251355,135
333008,10.139344262295081,10.37886228584443,68
333009,16.530054644808743,16.688862781251355,76
333012,10.778688524590164,11.024619867393564,110
336001,10.300546448087431,10.37886228584443,51
336002,10.295081967213115,10.37886228584443,28
336004,12.431693989071038,12.409892048232685,24
336005,12.300546448087431,12.409892048232685,91
336007,14.737704918032787,14.82702781017509,56
336008,14.502732240437158,14.82702781017509,68
336010,13.494535519125684,13.851552941438793,113
336011,15.6775956284153,15.693530276797809,70
336012,10.308743169398907,10.37886228584443,72
336013,13.155737704918034,13.102321966384922,58
336016,11.76775956284153,11.689430024621958,58
336017,13.8551912568306,13.851552941438793,80
338001,13.39344262295082,13.102321966384922,71
338009,8.704918032786885,8.612022409493305,59
338010,13.311475409836065,13.102321966384922,98
338011,7.639344262295082,8.016325347898842,41
338013,8.519125683060109,8.612022409493305,80
338014,11.306010928961749,11.024619867393564,87
338015,17.672131147540984,17.97197012771691,63
339001,7.030054644808743,6.96408127121249,53
339002,8.994520547945205,9.113897923915816,61
339003,12.819672131147541,13.102321966384922,105
339004,14.923497267759563,14.82702781017509,86
339005,10.904371584699454,11.024619867393564,88
339006,9.658469945355192,9.69465982770401,50
339007,7.9316939890710385,8.016325347898842,77
339009,9.027397260273972,9.113897923915816,100
342001,8.038356164383561,8.016325347898842,58
342002,14.06027397260274,13.851552941438793,65
342003,17.133879781420767,16.688862781251355,120
342006,16.953551912568305,16.688862781251355,102
342008,10.707650273224044,10.37886228584443,117
342009,10.068493150684931,10.37886228584443,112
342010,7.7076502732240435,8.016325347898842,100
342011,10.207650273224044,10.37886228584443,86
342012,12.147540983606557,12.409892048232685,69
342013,15.336065573770492,15.693530276797809,123
342015,11.16120218579235,11.024619867393564,82
342018,11.707650273224044,11.689430024621958,79
342019,13.39344262295082,13.102321966384922,57
342020,14.357923497267759,13.851552941438793,99
342021,8.3551912568306,8.612022409493305,36
342023,14.795081967213115,14.82702781017509,143
342024,16.60928961748634,16.688862781251355,156
342027,15.532786885245901,15.693530276797809,109
342028,11.849726775956285,11.689430024621958,106
342030,18.795081967213115,17.97197012771691,63
342031,17.669398907103826,17.97197012771691,130
342033,17.74863387978142,17.97197012771691,100
342034,13.426229508196721,13.102321966384922,55
342037,18.557377049180328,17.97197012771691,89
342038,17.4672131147541,17.97197012771691,108
342041,8.672131147540984,8.612022409493305,71
342045,13.489071038251366,13.851552941438793,144
342047,15.773224043715848,15.693530276797809,106
346002,7.775956284153006,8.016325347898842,36
346003,15.103825136612022,14.82702781017509,83
346004,12.188524590163935,12.409892048232685,79
346005,8.775956284153006,8.612022409493305,64
346006,8.21584699453552,8.016325347898842,50
346007,8.218579234972678,8.016325347898842,19
346008,6.5956284153005464,6.96408127121249,35
346011,17.65846994535519,17.97197012771691,110
346012,17.038251366120218,16.688862781251355,105
346014,8.314207650273223,8.016325347898842,50
346015,9.062841530054644,9.113897923915816,22
346017,8.10655737704918,8.016325347898842,37
348001,6.890410958904109,6.96408127121249,53
348007,6.5917808219178085,6.96408127121249,45
348008,7.142465753424657,6.96408127121249,66
348009,6.5917808219178085,6.96408127121249,41
348010,6.608219178082192,6.96408127121249,38
348011,6.884931506849315,6.96408127121249,58
348012,7.2164383561643834,6.96408127121249,41
348013,7.317808219178082,6.96408127121249,65
348014,6.994535519125683,6.96408127121249,52
348015,7.027397260273973,6.96408127121249,67
348016,6.975409836065574,6.96408127121249,54
348017,6.978082191780822,6.96408127121249,44
348018,6.8,6.96408127121249,44
348019,6.945205479452055,6.96408127121249,53
348020,7.257534246575342,6.96408127121249,66
349001,9.564383561643835,9.69465982770401,65
349002,18.50958904109589,17.97197012771691,82
353002,8.740437158469945,8.612022409493305,46
353003,8.3551912568306,8.612022409493305,57
353004,8.10958904109589,8.016325347898842,54
353005,10.37704918032787,10.37886228584443,70
353006,11.180821917808219,11.024619867393564,53
353007,13.357923497267759,13.102321966384922,101
353008,14.573770491803279,14.82702781017509,116
353009,14.808743169398907,14.82702781017509,106
353012,14.724043715846994,14.82702781017509,99
353013,15,14.82702781017509,105
353017,16.13972602739726,15.693530276797809,98
353018,17.636612021857925,17.97197012771691,113
354001,7.47945205479452,6.96408127121249,22
354002,7.614754098360656,8.016325347898842,52
354003,7.66027397260274,8.016325347898842,60
354004,7.691256830601093,8.016325347898842,64
354005,8.383561643835616,8.612022409493305,41
354006,8.602739726027398,8.612022409493305,92
354007,8.751366120218579,8.612022409493305,65
354008,9.46027397260274,9.69465982770401,71
354009,9.476712328767123,9.69465982770401,80
354010,9.172602739726027,9.113897923915816,58
354011,10.408219178082192,10.37886228584443,92
354012,10.547945205479452,10.37886228584443,63
354015,13.487671232876712,13.851552941438793,83
354016,13.484931506849316,13.851552941438793,130
354017,13.610958904109589,13.851552941438793,100
354018,13.638356164383561,13.851552941438793,89
354019,14.4,14.82702781017509,85
354020,15.495890410958904,15.693530276797809,83
354021,15.257534246575343,14.82702781017509,124
354022,15.331506849315069,15.693530276797809,74
354023,15.797814207650273,15.693530276797809,92
354024,15.737704918032787,15.693530276797809,77
354025,16.40821917808219,16.688862781251355,104
354026,16.26027397260274,16.688862781251355,82
354027,17.326027397260273,17.97197012771691,93
354028,17.257534246575343,16.688862781251355,100
354029,17.336986301369862,17.97197012771691,102
354030,17.463013698630135,17.97197012771691,80
354031,17.65753424657534,17.97197012771691,96
354032,17.572602739726026,17.97197012771691,99
354033,17.424657534246574,17.97197012771691,100
354034,18.115068493150684,17.97197012771691,80
354035,17.495890410958904,17.97197012771691,52
354037,9.740437158469945,9.69465982770401,76
354038,9.58904109589041,9.69465982770401,62
354039,11.238356164383562,11.024619867393564,59
360001,9.441095890410958,9.69465982770401,66
360002,10.326027397260274,10.37886228584443,71
360003,9.978142076502731,9.69465982770401,65
360004,10.73972602739726,10.37886228584443,56
360005,12.506849315068493,12.409892048232685,98
360006,10.638356164383561,10.37886228584443,80
360007,8.778082191780822,8.612022409493305,35
360008,9.136986301369863,9.113897923915816,79
360009,9.663013698630136,9.69465982770401,63
360010,9.054794520547945,9.113897923915816,30
360011,9.443835616438356,9.69465982770401,55
360012,8.032876712328767,8.016325347898842,42
360013,9.326027397260274,9.113897923915816,43
360014,8.002739726027396,8.016325347898842,52
360015,8.764383561643836,8.612022409493305,31
360017,10.816438356164383,11.024619867393564,79
360018,11.534246575342467,11.689430024621958,47
360019,7.082191780821918,6.96408127121249,23
360020,10.907103825136613,11.024619867393564,68
360023,11.827397260273973,11.689430024621958,90
360024,8.523287671232877,8.612022409493305,76
360026,9.616438356164384,9.69465982770401,53
360028,9.2986301369863,9.113897923915816,50
360029,8.252054794520548,8.016325347898842,53
360030,7.704109589041096,8.016325347898842,59
360031,9.468493150684932,9.69465982770401,56
360032,9.561643835616438,9.69465982770401,43
360033,11.756164383561643,11.689430024621958,112
360034,9.106849315068493,9.113897923915816,50
360035,7.164383561643835,6.96408127121249,30
360036,11.210958904109589,11.024619867393564,55
360037,10.904109589041095,11.024619867393564,46
360038,7.887671232876713,8.016325347898842,57
360040,11.032876712328767,11.024619867393564,72
360041,7.69041095890411,8.016325347898842,43
360042,6.6136986301369864,6.96408127121249,25
360043,8.643835616438356,8.612022409493305,85
360044,9.575342465753424,9.69465982770401,70
360045,8.745205479452055,8.612022409493305,38
360046,8.216438356164383,8.016325347898842,50
361001,8.676712328767124,8.612022409493305,61
361002,10.646575342465754,10.37886228584443,44
361003,8.756830601092895,8.612022409493305,32
361004,10.745205479452055,11.024619867393564,84
361005,11.646575342465754,11.689430024621958,70
361006,10.531506849315068,10.37886228584443,71
361007,9.904371584699454,9.69465982770401,70
361009,8.33972602739726,8.016325347898842,52
361013,12.07123287671233,12.409892048232685,83
361019,14.175342465753424,13.851552941438793,97
361020,13.06027397260274,13.102321966384922,108
361021,16.205479452054796,16.688862781251355,43
361023,15.652054794520549,15.693530276797809,99
361025,14.583561643835617,14.82702781017509,86
361026,15.246575342465754,14.82702781017509,88
361028,17.06027397260274,16.688862781251355,69
362001,15.73972602739726,15.693530276797809,82
362002,8.419178082191781,8.612022409493305,52
362003,7.676712328767123,8.016325347898842,44
362004,8.789041095890411,8.612022409493305,47
362005,11.761643835616438,11.689430024621958,64
362006,8.2,8.016325347898842,78
362007,13.454794520547946,13.851552941438793,102
362008,8.216438356164383,8.016325347898842,51
362010,8.408219178082192,8.612022409493305,30
363001,7.276712328767124,6.96408127121249,40
363002,7.205479452054795,6.96408127121249,55
363003,6.989041095890411,6.96408127121249,43
363004,7.1726027397260275,6.96408127121249,14
363005,6.624657534246575,6.96408127121249,19
363006,6.890410958904109,6.96408127121249,19
363007,6.810958904109589,6.96408127121249,54
363008,7.602739726027397,8.016325347898842,37
363009,7.090410958904109,6.96408127121249,42
401001,6.4520547945205475,6.96408127121249,50
401010,6.64931506849315,6.96408127121249,19
401011,6.863387978142076,6.96408127121249,36
401012,10.904371584699454,11.024619867393564,60
401013,6.558904109589041,6.96408127121249,69
401014,11.142465753424657,11.024619867393564,61
401015,7.136986301369863,6.96408127121249,46
401016,6.471232876712329,6.96408127121249,40
401017,6.723287671232876,6.96408127121249,45
401019,7.298630136986302,6.96408127121249,60
501001,12.306849315068494,12.409892048232685,81
501002,8.345205479452055,8.016325347898842,44
501003,8.345205479452055,8.016325347898842,46
501004,12.424657534246576,12.409892048232685,54
501006,13.873972602739727,13.851552941438793,81
501007,12.079234972677595,12.409892048232685,115
501008,14.060109289617486,13.851552941438793,95
501009,17.602739726027398,17.97197012771691,160
501012,9.191256830601093,9.113897923915816,84
501013,13.172131147540984,13.102321966384922,89
501014,12.438356164383562,12.409892048232685,96
501016,8.185792349726777,8.016325347898842,61
501018,14.70958904109589,14.82702781017509,128
501020,14.712328767123287,14.82702781017509,123
501021,14.19672131147541,13.851552941438793,104
501022,14.561643835616438,14.82702781017509,82
501023,14.550684931506849,14.82702781017509,95
501024,14.67123287671233,14.82702781017509,72
501027,8.572602739726028,8.612022409493305,63
501028,15.189041095890412,14.82702781017509,72
501029,15.183561643835617,14.82702781017509,116
